year,continent,discipline,generation,profession,Concepto_2,Concepto_3
2016,Asia,Humanidad,Baby boomers,Inteligencia artificial,Datos como poder,Democracia digital
2023,América,Tecnología,Millenials,Inteligencia colectiva,Democracia digital,Ciencia y sociedad
2016,América,Humanidad,Millenials,Medicina del futuro,Ciencia y sociedad,Neurociencia
2023,América,Tecnología,Millenial,Océanos vivos,Democracia digital,Ciencia y sociedad
2025,América,Humanidad,Gen X,Mente y cerebro,Transición energética,Océanos vivos
2016,América,Sociedad,Millenials,Mente y cerebro,Transición energética,Educación y divulgación científica
2025,América,Tecnología,Baby boomers,Medicina del futuro,Inteligencia artificial,Democracia digital
2019,América,Tecnología,Millenial,Mente y cerebro,Cambio climático,Océanos vivos
2016,Chile,S/I,Gen X,Mente y cerebro,Transición energética,Ciencia y sociedad
2015,Chile,Tecnología,Baby boomers,Medicina del futuro,Inteligencia artificial,Ciencia y sociedad
2018,Chile,S/I,Gen X,Medicina del futuro,Transición energética,Ciencia y sociedad
2023,América,Naturaleza,Millenials,Inteligencia colectiva,Cambio climático,Democracia digital
2020,Chile,Humanidad,Baby boomers,Mente y cerebro,Democracia digital,Ciencia y sociedad
2021,América,Tecnología,Baby boomers,Edición genética,Límites de la IA,Ciencia y sociedad
2019,América,Tecnología,Gen X,Edición genética,Mente y cerebro,Neurociencia
2020,Chile,Naturaleza,Baby boomers,Mente y cerebro,Ciencia y sociedad,Educación y divulgación científica
2021,Europa,S/I,Gen X,Medicina del futuro,Mente y cerebro,Biodiversidad crítica
2025,Chile,Tecnología,Millenials,Medicina del futuro,Límites de la IA,Mente y cerebro
2018,Africa,Energía,Gen silenciosa,Mente y cerebro,Cambio climático,Océanos vivos
2015,Chile,Humanidad,Gen X,Inteligencia colectiva,Ciencia y sociedad,Biodiversidad crítica
2018,América,Tecnología,Baby boomers,Límites de la IA,Cambio climático,Inteligencia artificial
2021,Europa,Tecnología,Gen X,Mente y cerebro,Democracia digital,Ciencia y sociedad
2015,Chile,S/I,Baby boomers,Océanos vivos,Democracia digital,Ciencia y sociedad
2018,Chile,Tecnología,Gen X,Límites de la IA,Inteligencia artificial,Ciencia y sociedad
2016,Chile,S/I,Gen X,Océanos vivos,Transición energética,Ciencia y sociedad
2022,Chile,Salud,Gen X,Democracia del futuro,Democracia digital,Ciencia y sociedad
2019,Chile,S/I,Gen X,Edición genética,Inteligencia artificial,Mente y cerebro
2015,América,Tecnología,Baby boomers,Mente y cerebro,Ciencia y sociedad,Educación y divulgación científica
2017,América,S/I,Gen X,Cambio climático,Biodiversidad crítica,Océanos vivos
2026,Chile,Tecnología,Gen X,Inteligencia colectiva,Cambio climático,Democracia digital
2016,Chile,Tecnología,Gen X,Medicina del futuro,Transición energética,Ciencia y sociedad
2025,América,Tecnología,Millenials,Medicina del futuro,Inteligencia artificial,Mente y cerebro
2016,Chile,S/I,Millenials,Océanos vivos,Democracia digital,Ciencia y sociedad
2013,Chile,Naturaleza,Baby boomers,Océanos vivos,Democracia digital,Ciencia y sociedad
2024,Chile,Tecnología,Millenials,Medicina del futuro,Educación y divulgación científica,Mente y cerebro
2021,América,Tecnología,Gen X,Medicina del futuro,Inteligencia artificial,Ciencia y sociedad
2023,Chile,Salud,Millenials,Educación y divulgación científica,Ciencia y sociedad,Mente y cerebro
2024,Chile,Tecnología,Millenials,Inteligencia artificial,Datos como poder,Democracia digital
2018,Chile,Naturaleza,Gen X,Medicina del futuro,Educación y divulgación científica,Mente y cerebro
2017,Europa,Tecnología,Baby boomers,Límites de la IA,Cambio climático,Transición energética
2017,Chile,Salud,Gen X,Cambio climático,Datos como poder,Biodiversidad crítica
2025,Chile,Tecnología,Millenials,Límites de la IA,Inteligencia artificial,Democracia digital
2015,Chile,Naturaleza,Gen X,Inteligencia artificial,Datos como poder,Límites de la IA
2020,América,Tecnología,Gen X,Medicina del futuro,Transición energética,Ciencia y sociedad
2016,Chile,S/I,Baby boomers,Mente y cerebro,Democracia digital,Ciencia y sociedad
2016,Chile,Tecnología,Baby boomers,Educación y divulgación científica,Ciencia y sociedad,Mente y cerebro
2019,Europa,Naturaleza,Baby boomers,Neurociencia,Educación y divulgación científica,Mente y cerebro
2024,Europa,Tecnología,Baby boomers,Mente y cerebro,Educación y divulgación científica,Biodiversidad crítica
2017,América,Salud,Baby boomers,Edición genética,Límites de la IA,Ciencia y sociedad
2013,Chile,Tecnología,Baby boomers,Medicina del futuro,Mente y cerebro,Neurociencia
2021,Chile,S/I,Baby boomers,Inteligencia colectiva,Ciencia y sociedad,Educación y divulgación científica
2023,Chile,Tecnología,Baby boomers,Edición genética,Límites de la IA,Mente y cerebro
2025,Chile,Tecnología,Gen X,Mente y cerebro,Cambio climático,Transición energética
2022,América,Tecnología,Baby boomers,Mente y cerebro,Democracia digital,Ciencia y sociedad
2025,América,Sociedad,Millenial,Neurociencia,Ciencia y sociedad,Mente y cerebro
2026,Europa,S/I,Gen X,Cambio climático,Biodiversidad crítica,Océanos vivos
2021,Africa,Humanidad,Gen silenciosa,Inteligencia artificial,Ciencia y sociedad,Océanos vivos
2022,Asia,S/I,Gen X,Edición genética,Límites de la IA,Mente y cerebro
2017,Asia,Tecnología,Gen X,Inteligencia artificial,Datos como poder,Mente y cerebro
2021,América,Naturaleza,Gen Z,Medicina del futuro,Transición energética,Ciencia y sociedad
2018,América,Tecnología,Baby boomers,Edición genética,Biodiversidad crítica,Océanos vivos
2024,Europa,Tecnología,Gen X,Medicina del futuro,Educación y divulgación científica,Mente y cerebro
2018,Chile,Tecnología,Baby boomers,Mente y cerebro,Democracia digital,Ciencia y sociedad
2019,América,Tecnología,Millenials,Medicina del futuro,Ciencia y sociedad,Mente y cerebro
2019,Chile,Salud,Gen X,Medicina del futuro,Ciencia y sociedad,Educación y divulgación científica
2022,Europa,Sociedad,Gen X,Ciudades inteligentes,Ciencia y sociedad,Educación y divulgación científica
2023,Chile,Energía,Gen X,Inteligencia artificial,Ciencia y sociedad,Mente y cerebro
2022,América,Naturaleza,Gen X,Medicina del futuro,Ciencia y sociedad,Educación y divulgación científica
2021,Chile,Futuro,Gen X,Mente y cerebro,Transición energética,Educación y divulgación científica
2023,Europa,Salud,Millenials,Mente y cerebro,Ciencia y sociedad,Educación y divulgación científica
2026,Chile,S/I,Baby boomers,Inteligencia colectiva,Democracia digital,Ciencia y sociedad
2023,Chile,Tecnología,Gen Z,Mente y cerebro,Ciencia y sociedad,Educación y divulgación científica
2026,Europa,S/I,Gen X,Medicina del futuro,Inteligencia artificial,Ciencia y sociedad
2026,América,S/I,Gen X,Biodiversidad crítica,Transición energética,Mente y cerebro
2021,Europa,Humanidad,Gen X,Mente y cerebro,Cambio climático,Ciencia y sociedad
2026,Europa,S/I,Millenials,Océanos vivos,Ciencia y sociedad,Mente y cerebro
2026,Europa,S/I,Millenials,Mente y cerebro,Ciencia y sociedad,Educación y divulgación científica
2017,Chile,Sociedad,Gen X,Mente y cerebro,Cambio climático,Ciencia y sociedad
2023,Chile,Tecnología,Millenials,Edición genética,Límites de la IA,Mente y cerebro
2017,Europa,Futuro,Baby boomers,Mente y cerebro,Biodiversidad crítica,Océanos vivos
2017,Chile,Tecnología,Gen X,Medicina del futuro,Ciencia y sociedad,Educación y divulgación científica
2013,Chile,Tecnología,Gen X,Medicina del futuro,Ciencia y sociedad,Educación y divulgación científica
2024,Chile,Tecnología,Gen X,Mente y cerebro,Democracia digital,Ciencia y sociedad
2026,Chile,S/I,Gen X,Medicina del futuro,Mente y cerebro,Biodiversidad crítica
2017,América,S/I,Baby boomers,Océanos vivos,Ciencia y sociedad,Mente y cerebro
2018,Chile,S/I,Gen silenciosa,Océanos vivos,Ciencia y sociedad,Educación y divulgación científica
2025,Europa,Tecnología,Baby boomers,Inteligencia artificial,Datos como poder,Ciencia y sociedad
2021,Europa,Tecnología,Baby boomers,Inteligencia artificial,Datos como poder,Océanos vivos
2025,Chile,Salud,Millenials,Mente y cerebro,Educación y divulgación científica,Océanos vivos
2022,Europa,Humanidad,Baby boomers,Medicina del futuro,Inteligencia artificial,Ciencia y sociedad
2019,Europa,Tecnología,Gen X,Medicina del futuro,Democracia digital,Ciencia y sociedad
2022,Europa,Tecnología,Gen X,Mente y cerebro,Ciencia y sociedad,Educación y divulgación científica
2024,Asia,Tecnología,Millenials,Medicina del futuro,Democracia digital,Ciencia y sociedad
2018,América,Tecnología,Gen Z,Inteligencia artificial,Datos como poder,Mente y cerebro
2019,América,Tecnología,Baby boomers,Mente y cerebro,Ciencia y sociedad,Educación y divulgación científica
2023,Europa,Sociedad,Gen X,Inteligencia colectiva,Cambio climático,Democracia digital
2019,América,Naturaleza,Baby boomers,Cambio climático,Transición energética,Océanos vivos
2021,Europa,Salud,Millenials,Medicina del futuro,Mente y cerebro,Salud mental
2018,Europa,Futuro,Gen X,Mente y cerebro,Cambio climático,Biodiversidad crítica
2024,Europa,Salud,Gen X,Edición genética,Cambio climático,Límites de la IA
2022,América,Salud,Gen silenciosa,Inteligencia colectiva,Ciencia y sociedad,Mente y cerebro
2020,Europa,Sociedad,Baby boomers,Medicina del futuro,Ciencia y sociedad,Mente y cerebro
2023,Europa,Tecnología,Gen X,Mente y cerebro,Democracia digital,Ciencia y sociedad
2021,América,Tecnología,Baby boomers,Longevidad activa,Mente y cerebro,Neurociencia
2024,América,Tecnología,Baby boomers,Mente y cerebro,Cambio climático,Democracia digital
2017,Europa,Energía,Gen X,Mente y cerebro,Ciencia y sociedad,Educación y divulgación científica
2018,Chile,Tecnología,Millenial,Medicina del futuro,Límites de la IA,Ciencia y sociedad
2026,América,S/I,Gen X,Edición genética,Límites de la IA,Democracia digital
2016,Chile,Naturaleza,Millenials,Medicina del futuro,Inteligencia artificial,Ciencia y sociedad
2024,Europa,Tecnología,Millenials,Neurociencia,Ciencia y sociedad,Educación y divulgación científica
2026,América,S/I,Baby boomers,Inteligencia artificial,Datos como poder,Ciencia y sociedad
2017,Asia,Tecnología,Gen X,Mente y cerebro,Cambio climático,Ciencia y sociedad
2024,Europa,Humanidad,Gen X,Medicina del futuro,Límites de la IA,Ciencia y sociedad
2019,América,Mente,Baby boomers,Inteligencia colectiva,Democracia digital,Ciencia y sociedad
2023,Chile,S/I,Millenials,Mente y cerebro,Datos como poder,Ciencia y sociedad
2018,América,Humanidad,Baby boomers,Mente y cerebro,Cambio climático,Transición energética
2025,Europa,Naturaleza,Gen X,Inteligencia artificial,Datos como poder,Límites de la IA
2022,Europa,S/I,Gen X,Inteligencia colectiva,Ciencia y sociedad,Educación y divulgación científica
2020,Chile,Tecnología,Gen X,Neurociencia,Ciencia y sociedad,Mente y cerebro
2011,América,Salud,Gen silenciosa,Inteligencia artificial,Democracia digital,Ciencia y sociedad
2013,Europa,S/I,Baby boomers,Mente y cerebro,Cambio climático,Democracia digital
2020,Chile,Tecnología,Gen X,Medicina del futuro,Ciencia y sociedad,Mente y cerebro
2019,Chile,Comunicación,Gen X,Medicina del futuro,Inteligencia artificial,Ciencia y sociedad
2020,Chile,Naturaleza,Gen X,Neurociencia,Ciencia y sociedad,Mente y cerebro
2023,Europa,Humanidad,Gen X,Mente y cerebro,Ciencia y sociedad,Educación y divulgación científica
2019,Chile,Tecnología,Millenials,Inteligencia colectiva,Democracia digital,Ciencia y sociedad
2024,Chile,Tecnología,Millenials,Biodiversidad crítica,Educación y divulgación científica,Océanos vivos
2025,Europa,Tecnología,Baby boomers,Mente y cerebro,Ciencia y sociedad,Educación y divulgación científica
2021,Europa,Tecnología,Baby boomers,Edición genética,Límites de la IA,Ciencia y sociedad
2026,Europa,S/I,Baby boomers,Cambio climático,Democracia digital,Ciencia y sociedad
2015,América,Sociedad,Baby boomers,Mente y cerebro,Ciencia y sociedad,Educación y divulgación científica
2017,Europa,Tecnología,Gen X,Sistemas vivos,Democracia digital,Ciencia y sociedad
2017,Europa,Mente,Gen X,Límites de la IA,Transición energética,Inteligencia artificial
2021,América,Futuro,Baby boomers,Microbioma,Mente y cerebro,Océanos vivos
2013,América,Naturaleza,Gen X,Medicina del futuro,Biodiversidad crítica,Océanos vivos
2019,Europa,Naturaleza,Gen X,Cambio climático,Democracia digital,Ciencia y sociedad
2018,Europa,Naturaleza,Baby boomers,Edición genética,Límites de la IA,Ciencia y sociedad
2020,Chile,Sociedad,Baby boomers,Medicina del futuro,Ciencia y sociedad,Educación y divulgación científica
2018,América,Tecnología,Gen X,Límites de la IA,Transición energética,Inteligencia artificial
2016,Europa,Naturaleza,Gen X,Límites de la IA,Cambio climático,Transición energética
2020,Oceanía,Salud,Baby boomers,Límites de la IA,Inteligencia artificial,Ciencia y sociedad
2018,América,Tecnología,Gen X,Límites de la IA,Transición energética,Inteligencia artificial
2018,América,Mente,Baby boomers,Medicina del futuro,Ciencia y sociedad,Mente y cerebro
2019,América,Sociedad,Baby boomers,Sistemas vivos,Ciencia y sociedad,Educación y divulgación científica
2021,América,Tecnología,Gen X,Inteligencia colectiva,Cambio climático,Democracia digital
2013,América,Energía,Gen X,Mente y cerebro,Cambio climático,Democracia digital
2019,América,Energía,Gen X,Mente y cerebro,Ciencia y sociedad,Educación y divulgación científica
2019,América,Naturaleza,Baby boomers,Límites de la IA,Datos como poder,Inteligencia artificial
2017,América,Tecnología,Millenial,Medicina del futuro,Ciencia y sociedad,Océanos vivos
2024,América,Tecnología,Baby boomers,Medicina del futuro,Ciencia y sociedad,Mente y cerebro
2022,América,Tecnología,Baby boomers,Inteligencia colectiva,Cambio climático,Mente y cerebro
2017,Europa,Naturaleza,Baby boomers,Inteligencia colectiva,Cambio climático,Transición energética
2023,Europa,Naturaleza,Baby boomers,Inteligencia artificial,Datos como poder,Límites de la IA
2022,América,Tecnología,Gen X,Inteligencia artificial,Datos como poder,Mente y cerebro
2023,Chile,Sociedad,Gen X,Medicina del futuro,Ciencia y sociedad,Océanos vivos
2025,Europa,Humanidad,Gen X,Edición genética,Límites de la IA,Ciencia y sociedad
2022,Europa,Humanidad,Gen X,Edición genética,Ciencia y sociedad,Mente y cerebro
2024,Europa,Humanidad,Gen X,Medicina del futuro,Ciencia y sociedad,Educación y divulgación científica
2018,América,Sociedad,Gen X,Inteligencia artificial,Datos como poder,Límites de la IA
2017,Asia,Salud,Gen X,Neurociencia,Ciencia y sociedad,Mente y cerebro
2018,América,Naturaleza,Baby boomers,Mente y cerebro,Transición energética,Ciencia y sociedad
2015,América,Tecnología,Gen X,Mente y cerebro,Educación y divulgación científica,Océanos vivos
2017,Chile,S/I,Gen X,Sistemas vivos,Ciencia y sociedad,Educación y divulgación científica
2013,Chile,S/I,Baby boomers,Aprendizaje no humano,Educación y divulgación científica,Océanos vivos
2021,Europa,Tecnología,Millenials,Medicina del futuro,Transición energética,Ciencia y sociedad
2024,Europa,Tecnología,Millenials,Mente y cerebro,Cambio climático,Ciencia y sociedad
2025,Chile,Tecnología,Millenials,Mente y cerebro,Transición energética,Ciencia y sociedad
2025,Chile,Cultura,Millenials,Inteligencia artificial,Datos como poder,Democracia digital
2024,Europa,Humanidad,Gen X,Medicina del futuro,Límites de la IA,Mente y cerebro
2018,Europa,Naturaleza,Baby boomers,Edición genética,Transición energética,Límites de la IA
2011,Europa,Energía,Gen silenciosa,Mente y cerebro,Cambio climático,Océanos vivos
2013,Chile,Sociedad,Baby boomers,Edición genética,Democracia digital,Ciencia y sociedad
2026,Chile,S/I,Gen X,Aprendizaje no humano,Cambio climático,Transición energética
2016,América,Salud,Baby boomers,Edición genética,Límites de la IA,Mente y cerebro
2018,América,Salud,Gen X,Inteligencia colectiva,Datos como poder,Límites de la IA
2017,Chile,Tecnología,Gen X,Inteligencia artificial,Datos como poder,Democracia digital
2018,Chile,Tecnología,Gen X,Mente y cerebro,Ciencia y sociedad,Océanos vivos
2023,Europa,Tecnología,Gen X,Mente y cerebro,Cambio climático,Océanos vivos
2019,Europa,Energía,Gen X,Edición genética,Datos como poder,Límites de la IA
2021,Chile,Sociedad,Gen X,Mente y cerebro,Educación y divulgación científica,Océanos vivos
2025,Chile,Naturaleza,Gen X,Longevidad activa,Mente y cerebro,Neurociencia
2026,Chile,S/I,Gen X,Inteligencia artificial,Límites de la IA,Mente y cerebro
2015,Chile,Salud,Gen X,Medicina del futuro,Ciencia y sociedad,Biodiversidad crítica
2024,Chile,Tecnología,Gen X,Inteligencia artificial,Transición energética,Límites de la IA
2019,Chile,Naturaleza,Gen X,Inteligencia colectiva,Democracia digital,Mente y cerebro
2015,Chile,S/I,Gen X,Medicina del futuro,Datos como poder,Inteligencia artificial
2018,Chile,S/I,Gen X,Inteligencia artificial,Datos como poder,Educación y divulgación científica
2018,Europa,Tecnología,Baby boomers,Medicina del futuro,Inteligencia artificial,Límites de la IA
2019,América,Naturaleza,Gen X,Medicina del futuro,Transición energética,Datos como poder
2025,América,Naturaleza,Gen X,Inteligencia artificial,Datos como poder,Mente y cerebro
2025,Chile,Cultura,Gen X,Inteligencia artificial,Datos como poder,Ciencia y sociedad
2021,Chile,Naturaleza,Gen Z,Inteligencia artificial,Educación y divulgación científica,Océanos vivos
2018,Europa,Tecnología,Millenials,Medicina del futuro,Ciencia y sociedad,Mente y cerebro
2019,Europa,Tecnología,Gen silenciosa,Mente y cerebro,Transición energética,Ciencia y sociedad
2011,Europa,Tecnología,Gen silenciosa,Biodiversidad crítica,Ciencia y sociedad,Océanos vivos
2023,Europa,Tecnología,Baby boomers,Cambio climático,Transición energética,Océanos vivos
2020,Europa,Sociedad,Millenials,Mente y cerebro,Ciencia y sociedad,Océanos vivos
2023,Europa,Naturaleza,Gen X,Mente y cerebro,Ciencia y sociedad,Educación y divulgación científica
2024,Europa,Tecnología,Millenials,Medicina del futuro,Educación y divulgación científica,Salud mental
2013,Chile,Futuro,Gen silenciosa,Edición genética,Límites de la IA,Ciencia y sociedad
2018,Chile,Tecnología,Baby boomers,Inteligencia artificial,Transición energética,Datos como poder
2021,Chile,Tecnología,Gen X,Inteligencia artificial,Datos como poder,Límites de la IA
2024,Europa,Salud,Baby boomers,Medicina del futuro,Datos como poder,Educación y divulgación científica
2011,Chile,Tecnología,Gen X,Medicina del futuro,Mente y cerebro,Salud mental
2016,Chile,Tecnología,Gen X,Longevidad activa,Ciencia y sociedad,Mente y cerebro
2026,Europa,S/I,Millenials,Inteligencia artificial,Datos como poder,Ciencia y sociedad
2023,Chile,Naturaleza,Gen X,Inteligencia colectiva,Democracia digital,Mente y cerebro
2017,Chile,S/I,Baby boomers,Inteligencia colectiva,Ciencia y sociedad,Educación y divulgación científica
2024,Africa,Naturaleza,Gen X,Aprendizaje no humano,Educación y divulgación científica,Mente y cerebro
2017,América,Tecnología,Gen silenciosa,Inteligencia artificial,Datos como poder,Ciencia y sociedad
2017,América,Tecnología,Gen silenciosa,Longevidad activa,Ciencia y sociedad,Mente y cerebro
2022,Europa,Humanidad,Gen X,Medicina del futuro,Educación y divulgación científica,Neurociencia
2017,América,Naturaleza,Baby boomers,Mente y cerebro,Transición energética,Biodiversidad crítica
2015,Chile,Tecnología,Baby boomers,Mente y cerebro,Cambio climático,Océanos vivos
2014,Chile,Tecnología,Baby boomers,Sistemas vivos,Educación y divulgación científica,Mente y cerebro
2025,América,Energía,Millenial,Datos como poder,Ciencia y sociedad,Educación y divulgación científica
2021,Asia,Tecnología,Gen X,Sistemas vivos,Transición energética,Ciencia y sociedad
2020,Africa,Tecnología,Gen X,Mente y cerebro,Transición energética,Datos como poder
2020,Europa,Tecnología,Millenial,Medicina del futuro,Transición energética,Océanos vivos
2018,América,Naturaleza,Baby boomers,Medicina del futuro,Mente y cerebro,Océanos vivos
2016,Europa,Energía,Baby boomers,Inteligencia colectiva,Democracia digital,Educación y divulgación científica
2024,Europa,Humanidad,Gen X,Edición genética,Límites de la IA,Mente y cerebro
2023,Chile,Salud,Gen X,Medicina del futuro,Mente y cerebro,Neurociencia
2026,Chile,Salud,Gen X,Límites de la IA,Transición energética,Inteligencia artificial
2020,Chile,Salud,Gen X,Longevidad activa,Ciencia y sociedad,Biodiversidad crítica
2024,Chile,Salud,Gen X,Inteligencia artificial,Datos como poder,Educación y divulgación científica
2015,Europa,Tecnología,Baby boomers,Océanos vivos,Inteligencia artificial,Democracia digital
2025,Chile,Tecnología,Millenials,Medicina del futuro,Ciencia y sociedad,Salud mental
2023,Europa,Tecnología,Gen X,Cambio climático,Biodiversidad crítica,Océanos vivos
2023,Europa,Tecnología,Gen X,Medicina del futuro,Cambio climático,Mente y cerebro
2024,Europa,S/I,Gen X,Límites de la IA,Inteligencia artificial,S/I
2023,Europa,S/I,Gen X,Biodiversidad crítica,Ciencia y sociedad,Océanos vivos
2023,Europa,Humanidad,Gen X,Edición genética,Límites de la IA,Mente y cerebro
2026,América,S/I,Baby boomers,Cambio climático,Transición energética,Ciencia y sociedad
2023,América,S/I,Gen X,Inteligencia artificial,S/I,S/I
2022,Chile,Tecnología,Gen X,Mente y cerebro,Democracia digital,Ciencia y sociedad
2013,Europa,S/I,Gen silenciosa,Ciencia y sociedad,S/I,S/I
2013,Europa,Salud,Baby boomers,Océanos vivos,Ciencia y sociedad,S/I
2026,Chile,S/I,Millenials,Ciencia y sociedad,S/I,S/I
2024,Chile,Humanidad,Gen X,Ciencia y sociedad,S/I,S/I
2018,Chile,Sociedad,Gen X,Economía regenerativa,S/I,S/I
2018,Chile,Naturaleza,Gen X,Educación y divulgación científica,Ciencia y sociedad,Mente y cerebro
2025,Chile,Tecnología,Gen X,Océanos vivos,S/I,S/I
2025,Chile,Tecnología,Gen X,Medicina del futuro,Océanos vivos,S/I
2026,Chile,S/I,Gen X,Ciencia y sociedad,S/I,S/I
2025,Europa,Sociedad,Baby boomers,Ciencia y sociedad,S/I,S/I
2024,Chile,Naturaleza,Gen X,Transición energética,S/I,S/I
2025,Chile,Tecnología,Gen X,Mente y cerebro,S/I,S/I
2015,Chile,Tecnología,Gen X,Biodiversidad crítica,Transición energética,S/I
2014,Chile,Tecnología,Gen X,Edición genética,Educación y divulgación científica,S/I
2026,América,Tecnología,Baby boomers,Cosmos,S/I,S/I
2018,Chile,Salud,Gen X,Océanos vivos,S/I,S/I
2014,Chile,Naturaleza,Gen X,Neurociencia,Educación y divulgación científica,Mente y cerebro
2017,Chile,Tecnología,Gen silenciosa,Mente y cerebro,Educación y divulgación científica,Biodiversidad crítica
2018,Chile,Tecnología,Gen silenciosa,Transición energética,Educación y divulgación científica,S/I
2018,Chile,Tecnología,Gen silenciosa,Mente y cerebro,Ciencia y sociedad,S/I
2018,Europa,Humanidad,Gen X,Edición genética,Límites de la IA,S/I
2019,Europa,Naturaleza,Baby boomers,Ciencia y sociedad,S/I,S/I
2019,Europa,Futuro,Baby boomers,Medicina del futuro,Transición energética,S/I
2020,Europa,Naturaleza,Gen X,Ciencia y sociedad,S/I,S/I
2016,Europa,Humanidad,Baby boomers,Datos como poder,Ciencia y sociedad,S/I
2019,Chile,Tecnología,Gen X,Edición genética,Límites de la IA,Ciencia y sociedad
2020,Chile,Tecnología,Gen X,Medicina del futuro,Datos como poder,Ciencia y sociedad
2019,Europa,Salud,Gen X,Medicina del futuro,Mente y cerebro,Neurociencia
2014,América,S/I,Baby boomers,Medicina del futuro,Mente y cerebro,Neurociencia
2023,Europa,Tecnología,Gen X,Mente y cerebro,Ciencia y sociedad,S/I
2015,América,Tecnología,Baby boomers,Límites de la IA,Transición energética,Datos como poder
2017,Chile,Sociedad,Baby boomers,Inteligencia colectiva,Democracia digital,Ciencia y sociedad
2013,Chile,Humanidad,Baby boomers,Mente y cerebro,S/I,S/I
2014,Chile,S/I,Baby boomers,Medicina del futuro,Mente y cerebro,Neurociencia
2020,Chile,Naturaleza,Baby boomers,Medicina del futuro,Datos como poder,Inteligencia artificial
2021,Chile,Tecnología,Baby boomers,Biodiversidad crítica,Ciencia y sociedad,Océanos vivos
2018,Chile,Tecnología,Gen X,Edición genética,Límites de la IA,Mente y cerebro
2021,Europa,Naturaleza,Baby boomers,Medicina del futuro,S/I,S/I
2024,Europa,Naturaleza,Millenials,Economía regenerativa,S/I,S/I
2020,Chile,Tecnología,Gen X,Computación cuántica,Ciencia y sociedad,Mente y cerebro
2023,Chile,Naturaleza,Gen X,Computación cuántica,Ciencia y sociedad,Mente y cerebro
2013,América,Sociedad,Baby boomers,Inteligencia colectiva,Ciencia y sociedad,Educación y divulgación científica
2016,América,Sociedad,Baby boomers,Microbioma,Cambio climático,Ciencia y sociedad
2026,Chile,S/I,Gen X,Edición genética,Límites de la IA,Ciencia y sociedad
2026,América,S/I,Gen X,Medicina del futuro,Mente y cerebro,S/I
2016,Asia,Tecnología,Baby boomers,Riesgo digital,Ciencia y sociedad,S/I
2024,América,Tecnología,Baby boomers,Ciencia y sociedad,S/I,S/I
2021,Europa,Naturaleza,Gen X,Océanos vivos,Transición energética,S/I
2024,América,Naturaleza,Baby boomers,Computación cuántica,S/I,S/I
2017,América,Naturaleza,Baby boomers,Mente y cerebro,Cambio climático,Transición energética
2024,Europa,Naturaleza,Baby boomers,Medicina del futuro,Inteligencia artificial,S/I
2019,Europa,Naturaleza,Baby boomers,Ciencia y sociedad,S/I,S/I
2025,América,Tecnología,Millenials,Edición genética,Límites de la IA,Mente y cerebro
2022,Europa,Naturaleza,Gen X,Mente y cerebro,Cambio climático,Transición energética
2024,Chile,Tecnología,Baby boomers,Edición genética,Límites de la IA,Educación y divulgación científica
2019,Chile,Tecnología,Gen X,Ciencia y sociedad,S/I,S/I
2019,Chile,Tecnología,Gen X,Transición energética,S/I,S/I
2024,Europa,Tecnología,Baby boomers,Mente y cerebro,Democracia digital,Ciencia y sociedad
2022,Europa,Tecnología,Baby boomers,Riesgo digital,Ciencia y sociedad,S/I
2021,América,Salud,Gen X,Mente y cerebro,Ciencia y sociedad,Educación y divulgación científica
2018,América,Energía,Baby boomers,Cambio climático,Ciencia y sociedad,Educación y divulgación científica
2026,Chile,S/I,Baby boomers,Ciencia y sociedad,S/I,S/I
2022,Europa,Naturaleza,Baby boomers,Neurociencia,S/I,S/I
2011,Chile,S/I,Baby boomers,Límites de la IA,Transición energética,Inteligencia artificial
2025,Chile,Tecnología,Gen X,Neurociencia,Ciencia y sociedad,Mente y cerebro
2017,Asia,Naturaleza,Baby boomers,Mente y cerebro,S/I,S/I
2026,América,S/I,Baby boomers,Datos como poder,Ciencia y sociedad,S/I
2026,América,S/I,Millenials,Inteligencia colectiva,Democracia digital,Ciencia y sociedad
2018,Chile,Naturaleza,Millenials,Medicina del futuro,Mente y cerebro,Neurociencia
2026,Chile,S/I,Millenial,Ciencia y sociedad,Ciencia y sociedad,S/I
2025,Chile,Tecnología,Millenials,Medicina del futuro,S/I,S/I
2019,América,Tecnología,Millenials,Mente y cerebro,Ciencia y sociedad,S/I
2014,América,Tecnología,Baby boomers,Microbioma,Ciencia y sociedad,Mente y cerebro
2013,América,Tecnología,Baby boomers,Mente y cerebro,Ciencia y sociedad,Educación y divulgación científica
2021,Chile,S/I,Baby boomers,Sistemas vivos,S/I,S/I
2021,Europa; Asia,Tecnología,Gen X,Océanos vivos,S/I,S/I
2021,América,Tecnología,Baby boomers,Cambio climático,Biodiversidad crítica,Océanos vivos
2022,América,Tecnología,Gen X,Inteligencia artificial,Ciencia y sociedad,Océanos vivos
2015,Asia,Energía,Baby boomers,Cosmos,S/I,S/I
2020,América,Tecnología,Gen X,Edición genética,Límites de la IA,Mente y cerebro
2015,Europa,Tecnología,Gen X,Edición genética,Límites de la IA,Mente y cerebro
2017,América,Salud,Gen X,Edición genética,Límites de la IA,Democracia digital
2024,Chile,Tecnología,Millenial,Ciencia y sociedad,S/I,S/I
2021,América,Salud,Baby boomers,Edición genética,Límites de la IA,S/I
2018,América,Tecnología,Baby boomers,Edición genética,Límites de la IA,Mente y cerebro
2016,Chile,S/I,Gen X,Medicina del futuro,Mente y cerebro,S/I
2022,América,Naturaleza,Baby boomers,Cosmos,Ciencia y sociedad,S/I
2015,América,Tecnología,Baby boomers,Inteligencia artificial,Datos como poder,Mente y cerebro
2026,América,S/I,Millenial,Medicina del futuro,Mente y cerebro,Neurociencia
2025,Europa,Humanidad,Gen silenciosa,Medicina del futuro,Cambio climático,Límites de la IA
2018,América,Mente,Baby boomers,Medicina del futuro,S/I,S/I
2024,Chile,Tecnología,Millenials,Inteligencia artificial,Datos como poder,Mente y cerebro
2016,América,Humanidad,Baby boomers,Medicina del futuro,Transición energética,Ciencia y sociedad
2019,Chile,Naturaleza,Baby boomers,Mente y cerebro,Cambio climático,Biodiversidad crítica
2020,Chile,Tecnología,Millenials,Datos como poder,Ciencia y sociedad,S/I
2017,América,Humanidad,Millenials,Mente y cerebro,Transición energética,S/I
2018,América,Tecnología,Baby boomers,Inteligencia artificial,Ciencia y sociedad,Mente y cerebro
2018,América,Tecnología,Baby boomers,Agua estratégica,S/I,S/I
2021,Europa,Futuro,Gen X,Límites de la IA,Mente y cerebro,S/I
2021,América,Salud,Gen X,Edición genética,Ciencia y sociedad,Océanos vivos
2019,América,Mente,Baby boomers,Edición genética,Límites de la IA,Ciencia y sociedad
2016,Europa,S/I,Gen X,Neurociencia,S/I,S/I
2024,Chile,Tecnología,Gen X,Edición genética,Límites de la IA,Neurociencia
2026,América,S/I,Millenials,Inteligencia colectiva,Ciencia y sociedad,Mente y cerebro
2022,Europa,Futuro,Millenials,Mente y cerebro,Ciencia y sociedad,S/I
2023,América,Salud,Millenials,Edición genética,Biodiversidad crítica,Océanos vivos
2026,Europa,S/I,Baby boomers,Mente y cerebro,Cambio climático,Ciencia y sociedad
2026,Europa,S/I,Baby boomers,Límites de la IA,Transición energética,Inteligencia artificial
2013,América,Naturaleza,Baby boomers,Mente y cerebro,Ciencia y sociedad,S/I
2020,América,S/I,Baby boomers,Mente y cerebro,Océanos vivos,S/I
2016,Chile,S/I,Baby boomers,Mente y cerebro,Ciencia y sociedad,S/I
2020,América,Naturaleza,Gen silenciosa,Mente y cerebro,Ciencia y sociedad,S/I
2021,América,Humanidad,Baby boomers,Medicina del futuro,Educación y divulgación científica,Mente y cerebro
2021,Chile,Humanidad,Baby boomers,Mente y cerebro,Democracia digital,Ciencia y sociedad
2018,Africa,Cultura,Gen silenciosa,Océanos vivos,Educación y divulgación científica,S/I
2017,América,Tecnología,Baby boomers,Ciencia y sociedad,S/I,S/I
2019,América,Cultura,Baby boomers,Océanos vivos,Transición energética,S/I
2023,Chile,Salud,Gen silenciosa,Ciencia y sociedad,S/I,S/I
2020,América,Humanidad,Baby boomers,Ciencia y sociedad,S/I,S/I
2016,Chile,Tecnología,Gen X,Cosmos,Ciencia y sociedad,S/I
2021,Chile,Tecnología,Gen X,Cosmos,S/I,S/I
2023,Chile,Tecnología,Gen X,Medicina del futuro,Ciencia y sociedad,Mente y cerebro
2022,Chile,Tecnología,Gen X,Ciencia y sociedad,S/I,S/I
2026,América,S/I,Gen X,Mente y cerebro,Ciencia y sociedad,S/I
2024,Chile,Futuro,Baby boomers,Cambio climático,Datos como poder,Ciencia y sociedad
2015,Chile,Sociedad,Baby boomers,Medicina del futuro,Ciencia y sociedad,Educación y divulgación científica
2014,Chile,S/I,Baby boomers,Longevidad activa,S/I,S/I
2016,Chile,Futuro,Baby boomers,Ciudades inteligentes,Ciencia y sociedad,S/I
2017,Chile,Salud,Gen X,Mente y cerebro,Cambio climático,Ciencia y sociedad
2015,Chile,Tecnología,Gen silenciosa,Medicina del futuro,Límites de la IA,Ciencia y sociedad
2016,Chile,Naturaleza,Gen Z,Cambio climático,Educación y divulgación científica,S/I
2020,Europa,Tecnología,Gen X,Cambio climático,Ciencia y sociedad,Educación y divulgación científica
2021,Chile,Tecnología,Gen X,Ciudades inteligentes,Ciencia y sociedad,Educación y divulgación científica
2024,América,Naturaleza,Gen X,Medicina del futuro,Ciencia y sociedad,Mente y cerebro
2023,Europa,Tecnología,Baby boomers,Océanos vivos,Ciencia y sociedad,S/I
2016,Europa,Tecnología,Baby boomers,Océanos vivos,Ciencia y sociedad,S/I
2023,América,Tecnología,Millenials,Océanos vivos,Ciencia y sociedad,S/I
2022,Europa,Tecnología,Gen X,Ciudades inteligentes,Ciencia y sociedad,S/I
2026,Europa,S/I,Gen X,Ciencia y sociedad,S/I,S/I
2026,América,S/I,Baby boomers,Educación y divulgación científica,S/I,S/I
2022,Europa,Tecnología,Gen X,Ciencia y sociedad,S/I,S/I
2021,América,Tecnología,Gen X,Mente y cerebro,Ciencia y sociedad,Océanos vivos
2020,América,Naturaleza,Gen X,Neurociencia,Mente y cerebro,S/I
2022,Chile,Sociedad,Baby boomers,Neurociencia,Ciencia y sociedad,Educación y divulgación científica
2025,Chile,Tecnología,Millenials,Ciudades inteligentes,S/I,S/I
2025,América,Mente,Gen X,Mente y cerebro,Ciencia y sociedad,Biodiversidad crítica
2019,Chile,Cultura,Gen X,Ciudades inteligentes,Ciencia y sociedad,S/I
2021,Europa,Tecnología,Gen X,Mente y cerebro,S/I,S/I
2025,Europa,Tecnología,Millenials,Biodiversidad crítica,S/I,S/I
2026,Chile,S/I,Gen X,Inteligencia colectiva,Democracia digital,Mente y cerebro
2013,Asia,Tecnología,Baby boomers,Medicina del futuro,S/I,S/I
2017,Chile,Tecnología,Baby boomers,Sistemas vivos,Ciencia y sociedad,S/I
2016,Chile,Tecnología,Baby boomers,Mente y cerebro,Educación y divulgación científica,S/I
2015,Chile,Tecnología,Baby boomers,Transición energética,Ciencia y sociedad,Educación y divulgación científica
2022,Europa,Naturaleza,Gen X,Inteligencia artificial,Ciencia y sociedad,Mente y cerebro
2021,Chile,Tecnología,Millenials,Cambio climático,Océanos vivos,S/I
2013,Chile,Tecnología,Gen silenciosa,Medicina del futuro,Ciencia y sociedad,Educación y divulgación científica
2017,Chile,Energía,Gen X,Mente y cerebro,Transición energética,Educación y divulgación científica
2023,Europa,Tecnología,Gen X,Mente y cerebro,Ciencia y sociedad,Educación y divulgación científica
2019,Europa,Tecnología,Gen X,Inteligencia colectiva,Democracia digital,Ciencia y sociedad
2018,América,Tecnología,Baby boomers,Mente y cerebro,Ciencia y sociedad,Educación y divulgación científica
2020,Europa,Sociedad,Gen X,Mente y cerebro,Océanos vivos,S/I
2022,Europa,Sociedad,Gen X,Medicina del futuro,Inteligencia artificial,Ciencia y sociedad
2025,América,Naturaleza,Gen X,Océanos vivos,S/I,S/I
2018,Chile,S/I,Gen X,Ciencia y sociedad,S/I,S/I
2018,Chile,S/I,Gen X,Ciencia y sociedad,S/I,S/I
2017,América,Tecnología,Baby boomers,Edición genética,Límites de la IA,S/I
2016,América,Tecnología,Baby boomers,Neurociencia,Mente y cerebro,S/I
2021,Chile,Humanidad,Baby boomers,Biodiversidad crítica,Transición energética,Mente y cerebro
2025,Europa,Tecnología,Millenial,Inteligencia colectiva,Mente y cerebro,S/I
2025,Chile,Sociedad,Gen X,Mente y cerebro,Cambio climático,Ciencia y sociedad
2022,Europa,Salud,Gen X,Cambio climático,Océanos vivos,S/I
2017,América,Energía,Gen X,Océanos vivos,Ciencia y sociedad,Mente y cerebro
2023,Europa,Mente,Baby boomers,Océanos vivos,S/I,S/I
2025,Chile,Tecnología,Gen X,Mente y cerebro,Océanos vivos,S/I
2022,Chile,Naturaleza,Millenials,Cosmos,S/I,S/I
2025,Europa,Futuro,Baby boomers,Educación y divulgación científica,Ciencia y sociedad,S/I
2024,Chile,Naturaleza,Gen X,Mente y cerebro,Ciencia y sociedad,Educación y divulgación científica
2018,Africa,Tecnología,Gen silenciosa,Mente y cerebro,Cambio climático,Ciencia y sociedad
2016,Europa,Tecnología,Gen silenciosa,Inteligencia colectiva,Democracia digital,S/I
2019,Asia,Tecnología,Baby boomers,Transición energética,S/I,S/I
2025,Asia,Tecnología,Millenials,Medicina del futuro,Inteligencia artificial,S/I
2022,Chile,Humanidad,Gen X,Edición genética,Límites de la IA,Mente y cerebro
2021,Chile,S/I,Gen X,Mente y cerebro,Biodiversidad crítica,Océanos vivos
2025,Chile,Naturaleza,Gen X,Medicina del futuro,Ciencia y sociedad,Educación y divulgación científica
2026,Chile,S/I,Gen X,Medicina del futuro,Ciencia y sociedad,Educación y divulgación científica
2023,Chile,Salud,Gen X,Ciencia y sociedad,S/I,S/I
2017,Chile,S/I,Baby boomers,Ciencia y sociedad,S/I,S/I
2021,Chile,Futuro,Millenials,Ciencia y sociedad,S/I,S/I
2024,Chile,Tecnología,Millenials,Mente y cerebro,Democracia digital,Ciencia y sociedad
2023,Europa,Salud,Gen X,Ciencia y sociedad,S/I,S/I
2020,Chile,Tecnología,Gen X,Océanos vivos,Ciencia y sociedad,S/I
2024,América,Tecnología,Gen X,Cosmos,S/I,S/I
2017,Chile,Tecnología,Gen X,Mente y cerebro,Ciencia y sociedad,S/I
2018,Chile,Futuro,Gen Z,Medicina del futuro,Mente y cerebro,Biodiversidad crítica
2013,Chile,Tecnología,Baby boomers,Cosmos,Ciencia y sociedad,S/I
2017,Chile,Tecnología,Baby boomers,Cosmos,Ciencia y sociedad,S/I
2015,Chile,Tecnología,Baby boomers,Ciencia y sociedad,S/I,S/I
2021,Chile,Salud,Gen X,Océanos vivos,Transición energética,S/I
2017,Chile,Salud,Baby boomers,Océanos vivos,Ciencia y sociedad,Mente y cerebro
2020,Chile,S/I,Millenials,Ciencia y sociedad,S/I,S/I
2022,Chile,S/I,Baby boomers,Océanos vivos,Ciencia y sociedad,Educación y divulgación científica
2018,Chile,S/I,Gen X,Mente y cerebro,Biodiversidad crítica,S/I
2023,América,Tecnología,Gen X,Mente y cerebro,Océanos vivos,S/I
2024,Europa,Naturaleza,Millenials,Medicina del futuro,Democracia digital,Ciencia y sociedad
2024,Chile,Tecnología,Millenials,Mente y cerebro,Cambio climático,Ciencia y sociedad
2019,Chile,Salud,Millenials,Datos como poder,Ciencia y sociedad,Educación y divulgación científica
2019,América,Tecnología,Gen X,Longevidad activa,Ciencia y sociedad,Océanos vivos
2020,América,Energía,Baby boomers,Inteligencia colectiva,Democracia digital,Ciencia y sociedad
2021,Europa,Salud,Baby boomers,Datos como poder,Democracia digital,Ciencia y sociedad
2024,Europa,Naturaleza,Gen X,Mente y cerebro,Democracia digital,Ciencia y sociedad
2026,Europa,S/I,Baby boomers,Mente y cerebro,Cambio climático,Biodiversidad crítica
2015,Europa,Energía,Baby boomers,Mente y cerebro,Ciencia y sociedad,Biodiversidad crítica
2023,Chile,Naturaleza,Millenial,Mente y cerebro,Cambio climático,Transición energética
2024,Chile,Energía,Millenials,Océanos vivos,Ciencia y sociedad,S/I
2021,Chile,Salud,Gen X,Educación y divulgación científica,S/I,S/I
2020,Chile,Sociedad,Gen X,Medicina del futuro,Ciencia y sociedad,Mente y cerebro
2022,Chile,Naturaleza,Baby boomers,Mente y cerebro,Cambio climático,Datos como poder
2015,Chile,S/I,Baby boomers,Medicina del futuro,Mente y cerebro,S/I
2013,Chile,Salud,Gen X,Aprendizaje no humano,Cambio climático,Educación y divulgación científica
2014,Chile,Salud,Gen X,Agua estratégica,Transición energética,S/I
2017,Chile,Salud,Gen X,Medicina del futuro,Ciencia y sociedad,S/I
2015,Chile,Salud,Gen X,Mente y cerebro,Datos como poder,Límites de la IA
2022,Chile,S/I,Gen X,Medicina del futuro,Ciencia y sociedad,S/I
2025,Chile,Tecnología,Millenials,Cambio climático,Mente y cerebro,Biodiversidad crítica
2014,Chile,Mente,Gen silenciosa,Neurociencia,Datos como poder,Límites de la IA
2023,Europa,Naturaleza,Gen X,Medicina del futuro,Ciencia y sociedad,Océanos vivos
2018,Chile,S/I,Baby boomers,Cosmos,Ciencia y sociedad,S/I
2017,Chile,Energía,Gen X,Mente y cerebro,Biodiversidad crítica,Océanos vivos
2025,Europa,Futuro,Gen X,Microbioma,Mente y cerebro,S/I
2024,Chile,Tecnología,Gen X,Inteligencia artificial,Límites de la IA,Mente y cerebro
2017,América,S/I,Baby boomers,Cosmos,S/I,S/I
2016,Europa,Tecnología,Baby boomers,Inteligencia artificial,Ciencia y sociedad,S/I
2022,Europa,Tecnología,Gen silenciosa,Mente y cerebro,Transición energética,Ciencia y sociedad
2018,Europa,Tecnología,Gen silenciosa,Inteligencia colectiva,Democracia digital,Ciencia y sociedad
2020,Chile,S/I,Gen silenciosa,Medicina del futuro,Biodiversidad crítica,S/I
2020,Europa,Tecnología,Gen X,Cambio climático,Transición energética,Ciencia y sociedad
2018,Chile,Salud,Gen X,Mente y cerebro,Ciencia y sociedad,Educación y divulgación científica
2025,América,Tecnología,Millenials,Microbioma,Cambio climático,Transición energética
2022,Africa,Sociedad,Gen X,Mente y cerebro,Democracia digital,Ciencia y sociedad
2020,Asia,Futuro,Gen X,Mente y cerebro,Ciencia y sociedad,Océanos vivos
2018,América,Salud,Baby boomers,Mente y cerebro,Cambio climático,Biodiversidad crítica
2014,Chile,Tecnología,Gen X,Medicina del futuro,Inteligencia artificial,Mente y cerebro
2019,Chile,Tecnología,Gen X,Mente y cerebro,Datos como poder,Ciencia y sociedad
2015,Chile,Tecnología,Gen X,Edición genética,Límites de la IA,Neurociencia
2016,Chile,S/I,S/I,Edición genética,Límites de la IA,Neurociencia
2017,América,S/I,Gen X,Medicina del futuro,Transición energética,Límites de la IA
2020,Europa,S/I,Gen silenciosa,Mente y cerebro,Transición energética,S/I
2018,Africa,Naturaleza,Gen silenciosa,Mente y cerebro,S/I,S/I
2018,Europa,Tecnología,Millenials,Mente y cerebro,Ciencia y sociedad,Biodiversidad crítica
2026,América,S/I,Millenials,Ciencia y sociedad,S/I,S/I
2020,Europa,Tecnología,Gen X,Mente y cerebro,Democracia digital,Ciencia y sociedad
2024,Europa,Tecnología,Gen X,Medicina del futuro,Ciencia y sociedad,Mente y cerebro
2023,Europa,Tecnología,Gen X,Medicina del futuro,S/I,S/I
2025,Chile,Tecnología,Gen X,Medicina del futuro,Mente y cerebro,S/I
2024,América,Tecnología,Gen X,Ciencia y sociedad,S/I,S/I
2026,Europa,Tecnología,Baby boomers,Mente y cerebro,Ciencia y sociedad,S/I
2024,Europa,Tecnología,Baby boomers,Océanos vivos,Ciencia y sociedad,S/I
2017,Chile,Naturaleza,Millenials,Mente y cerebro,S/I,S/I
2017,América,Energía,Gen X,Cambio climático,Ciencia y sociedad,Océanos vivos
2018,América,Humanidad,Gen X,Biodiversidad crítica,Ciencia y sociedad,S/I
2016,Europa,Naturaleza,Baby boomers,Neurociencia,Ciencia y sociedad,Educación y divulgación científica
2019,Europa,Naturaleza,Baby boomers,Mente y cerebro,Biodiversidad crítica,Océanos vivos
2016,Europa,S/I,Baby boomers,Mente y cerebro,Biodiversidad crítica,S/I
2022,Europa,Tecnología,Baby boomers,Inteligencia artificial,Ciencia y sociedad,S/I
2013,Chile,Naturaleza,Baby boomers,Océanos vivos,Ciencia y sociedad,Educación y divulgación científica
2025,Chile,Naturaleza,Baby boomers,Mente y cerebro,Datos como poder,Biodiversidad crítica
2019,Europa,Salud,Baby boomers,Datos como poder,Ciencia y sociedad,S/I
2020,Chile,Naturaleza,Gen X,Medicina del futuro,Democracia digital,Ciencia y sociedad
2018,Europa,Tecnología,Baby boomers,Cambio climático,Ciencia y sociedad,S/I
2016,Europa,Futuro,Gen X,Inteligencia artificial,Ciencia y sociedad,Educación y divulgación científica
2021,Chile,S/I,Gen X,Inteligencia artificial,Datos como poder,Ciencia y sociedad
2022,América,Salud,Millenials,Medicina del futuro,Inteligencia artificial,Mente y cerebro
2013,Chile,S/I,Baby boomers,Mente y cerebro,Ciencia y sociedad,Educación y divulgación científica
2016,Chile,S/I,Baby boomers,Neurociencia,Transición energética,Ciencia y sociedad
2017,Chile,S/I,Baby boomers,Medicina del futuro,Ciencia y sociedad,Mente y cerebro
2017,Chile,S/I,Baby boomers,Inteligencia artificial,Datos como poder,Océanos vivos
2013,Chile,Tecnología,Baby boomers,Mente y cerebro,Educación y divulgación científica,Océanos vivos
2014,Chile,Tecnología,Baby boomers,Océanos vivos,S/I,S/I
2018,Chile,S/I,Baby boomers,Mente y cerebro,Transición energética,S/I
2025,América,Tecnología,Millenials,Cambio climático,Democracia digital,Ciencia y sociedad
2016,Europa,Naturaleza,Gen X,Cambio climático,Ciencia y sociedad,S/I
2020,América,Tecnología,Baby boomers,Mente y cerebro,Ciencia y sociedad,Biodiversidad crítica
2016,América,Naturaleza,Baby boomers,Cosmos,S/I,S/I
2015,América,Naturaleza,Baby boomers,Océanos vivos,Ciencia y sociedad,S/I
2017,América,Naturaleza,Baby boomers,Cambio climático,S/I,S/I
2022,Europa,Cultura,Gen X,Medicina del futuro,Inteligencia artificial,Ciencia y sociedad
2013,Chile,Tecnología,Baby boomers,Medicina del futuro,Ciencia y sociedad,Mente y cerebro
2017,América,Sociedad,Gen X,Mente y cerebro,Cambio climático,Ciencia y sociedad
2018,Europa,Sociedad,Baby boomers,Medicina del futuro,Democracia digital,Ciencia y sociedad
2022,Europa,Salud,Gen silenciosa,Medicina del futuro,S/I,S/I
2024,Chile,Tecnología,Baby boomers,Biodiversidad crítica,Ciencia y sociedad,Mente y cerebro
2014,Chile,S/I,Gen X,Mente y cerebro,Ciencia y sociedad,Educación y divulgación científica
2019,América,Humanidad,Baby boomers,Neurociencia,Ciencia y sociedad,Mente y cerebro
2017,Europa,Futuro,Millenials,Biodiversidad crítica,Ciencia y sociedad,S/I
2021,Europa,Sociedad,Gen X,Mente y cerebro,S/I,S/I
2025,Europa,Sociedad,Gen X,Medicina del futuro,Mente y cerebro,Biodiversidad crítica
2025,Europa,Sociedad,Gen X,Inteligencia artificial,Datos como poder,Educación y divulgación científica
2024,Chile,Tecnología,Millenials,Edición genética,Océanos vivos,S/I
2022,Europa,Naturaleza,Gen X,Cosmos,S/I,S/I
2018,Europa,Tecnología,Gen X,Mente y cerebro,Cambio climático,Biodiversidad crítica
2017,Europa,Naturaleza,Gen X,Edición genética,Límites de la IA,Mente y cerebro
2024,América,Tecnología,Baby boomers,Inteligencia artificial,Educación y divulgación científica,Mente y cerebro
2013,Chile,Tecnología,Baby boomers,Medicina del futuro,Transición energética,S/I
2014,Chile,S/I,Baby boomers,Medicina del futuro,Democracia digital,Ciencia y sociedad
2022,Chile,Sociedad,Baby boomers,Medicina del futuro,Ciencia y sociedad,Mente y cerebro
2023,Chile,Tecnología,Millenials,Inteligencia artificial,Datos como poder,Mente y cerebro
2017,Europa,Humanidad,Gen silenciosa,Cambio climático,Ciencia y sociedad,S/I
2022,Asia,Salud,Gen X,Medicina del futuro,S/I,S/I
2019,Asia,Tecnología,Baby boomers,Mente y cerebro,Educación y divulgación científica,S/I
2017,Asia,Naturaleza,Baby boomers,Datos como poder,Ciencia y sociedad,S/I
2016,Asia,Mente,Baby boomers,Medicina del futuro,Mente y cerebro,S/I
2013,Chile,Energía,Baby boomers,Mente y cerebro,Ciencia y sociedad,Educación y divulgación científica
2011,Chile,Sociedad,Gen silenciosa,Inteligencia colectiva,Cambio climático,Democracia digital
2013,Chile,Humanidad,Gen silenciosa,Cambio climático,Transición energética,Océanos vivos
2017,Chile,Humanidad,Gen silenciosa,Mente y cerebro,Océanos vivos,S/I
2014,Chile,Tecnología,Gen X,Mente y cerebro,Océanos vivos,S/I
2019,Chile,Tecnología,Gen X,Medicina del futuro,Océanos vivos,S/I
2018,Chile,S/I,Millenials,Medicina del futuro,Mente y cerebro,Salud mental
2021,Europa,Naturaleza,Gen X,Cambio climático,Océanos vivos,S/I
2017,Europa,Comunicación,Baby boomers,Océanos vivos,Datos como poder,Ciencia y sociedad
2024,Chile,Tecnología,Gen X,Mente y cerebro,Democracia digital,Ciencia y sociedad
2026,Chile,S/I,Millenials,Inteligencia artificial,Mente y cerebro,S/I
2022,Chile,Tecnología,Millenials,Cambio climático,Ciencia y sociedad,Océanos vivos
2016,Chile,Naturaleza,Gen X,Océanos vivos,Ciencia y sociedad,S/I
2020,Chile,Tecnología,Baby boomers,Medicina del futuro,Ciencia y sociedad,S/I
2017,Europa,Energía,Baby boomers,Mente y cerebro,Cambio climático,Biodiversidad crítica
2017,Chile,S/I,Baby boomers,Mente y cerebro,Educación y divulgación científica,S/I
2016,Chile,Futuro,Baby boomers,Inteligencia artificial,Educación y divulgación científica,Mente y cerebro
2026,Europa,S/I,Gen X,Cambio climático,Transición energética,Ciencia y sociedad
2026,Europa,S/I,Gen X,Medicina del futuro,Datos como poder,Mente y cerebro
2026,Europa,S/I,Baby boomers,Océanos vivos,Datos como poder,Ciencia y sociedad
2023,Chile,Energía,Millenials,Edición genética,Inteligencia artificial,Mente y cerebro
2017,Chile,Naturaleza,Gen X,Medicina del futuro,S/I,S/I
2021,Chile,S/I,Millenial,Inteligencia artificial,Datos como poder,Democracia digital
2019,Chile,Tecnología,Baby boomers,Edición genética,Cambio climático,Transición energética
2023,América,Humanidad,Gen X,Cambio climático,Ciencia y sociedad,Océanos vivos
2020,Chile,S/I,Baby boomers,Medicina del futuro,Cambio climático,Ciencia y sociedad
2013,Chile,Naturaleza,Baby boomers,Medicina del futuro,Ciencia y sociedad,S/I
2011,Europa,Tecnología,Baby boomers,Mente y cerebro,Ciencia y sociedad,S/I
2023,Oceanía,Cultura,Gen X,Inteligencia colectiva,Democracia digital,Ciencia y sociedad
2021,Europa,Humanidad,Gen X,Océanos vivos,Transición energética,Ciencia y sociedad
2026,América,Humanidad,Baby boomers,Mente y cerebro,Datos como poder,Educación y divulgación científica
2017,América,Humanidad,Baby boomers,Mente y cerebro,Cambio climático,Transición energética
2018,América,Naturaleza,Gen X,Inteligencia artificial,Cambio climático,Educación y divulgación científica
2014,Chile,Tecnología,Baby boomers,Microbioma,S/I,S/I
2017,Chile,Tecnología,Baby boomers,Medicina del futuro,Ciencia y sociedad,Mente y cerebro
2015,Chile,Energía,Baby boomers,Edición genética,Límites de la IA,Ciencia y sociedad
2013,Chile,Tecnología,Baby boomers,Edición genética,Transición energética,Océanos vivos
2011,Chile,Tecnología,Baby boomers,Ciudades inteligentes,S/I,S/I
2020,América,Sociedad,Baby boomers,Mente y cerebro,Transición energética,S/I
2024,Europa,Tecnología,Gen X,Edición genética,Cambio climático,Límites de la IA
2014,Chile,Humanidad,Gen X,Biodiversidad crítica,S/I,S/I
2022,Europa,Tecnología,Millenials,Ciudades inteligentes,S/I,S/I
2015,América,Naturaleza,Baby boomers,Edición genética,Límites de la IA,Mente y cerebro
2018,América,Tecnología,Baby boomers,Edición genética,Límites de la IA,Ciencia y sociedad
2021,América,Naturaleza,Gen X,Transición energética,S/I,S/I
2023,América,Tecnología,Gen X,Edición genética,Límites de la IA,Mente y cerebro
2018,América,Salud,Millenials,Edición genética,Transición energética,Océanos vivos
2021,América,Mente,Gen X,Ciudades inteligentes,Ciencia y sociedad,S/I
2020,Chile,Futuro,Millenials,Inteligencia colectiva,Ciencia y sociedad,Mente y cerebro
2021,Chile,Tecnología,Millenials,Inteligencia artificial,Democracia digital,Mente y cerebro
2013,Europa,Tecnología,Baby boomers,Inteligencia artificial,Datos como poder,Democracia digital
2026,Chile,Tecnología,Gen X,Mente y cerebro,Biodiversidad crítica,S/I
2023,Chile,S/I,Gen X,Medicina del futuro,Ciencia y sociedad,Mente y cerebro
2026,Chile,S/I,Gen X,Mente y cerebro,Democracia digital,Ciencia y sociedad
#N/A,#N/A,S/I,Gen X,Medicina del futuro,Cambio climático,Ciencia y sociedad
2020,Europa,S/I,Gen X,Mente y cerebro,Cambio climático,Transición energética
2016,Europa,Futuro,Gen X,Inteligencia colectiva,Democracia digital,Ciencia y sociedad
2026,América,S/I,Baby boomers,Longevidad activa,Mente y cerebro,Neurociencia
2022,Europa,Tecnología,Gen X,Edición genética,Datos como poder,Límites de la IA
2023,Europa,Naturaleza,Gen X,Mente y cerebro,Cambio climático,Democracia digital
2018,América,Tecnología,Baby boomers,Mente y cerebro,Ciencia y sociedad,Educación y divulgación científica
2015,América,Tecnología,Baby boomers,Inteligencia artificial,Datos como poder,Ciencia y sociedad
2011,América,Futuro,Baby boomers,Medicina del futuro,Límites de la IA,Ciencia y sociedad
2013,Europa,Tecnología,Baby boomers,Ciencia y sociedad,S/I,S/I
2025,Asia,Tecnología,Gen X,Medicina del futuro,S/I,S/I
2017,Europa,Tecnología,Baby boomers,Mente y cerebro,Ciencia y sociedad,Educación y divulgación científica
2019,Europa,Salud,Baby boomers,Inteligencia artificial,Límites de la IA,Ciencia y sociedad
2020,América,Tecnología,Baby boomers,Edición genética,Límites de la IA,Democracia digital
2024,Chile,Tecnología,Gen Z,Edición genética,Cambio climático,Transición energética
2021,Chile,Salud,Millenials,Inteligencia artificial,Límites de la IA,Democracia digital
2025,América,Tecnología,Gen X,Mente y cerebro,S/I,S/I
2023,América,Tecnología,Baby boomers,Mente y cerebro,Transición energética,S/I
2020,América,Tecnología,Baby boomers,Medicina del futuro,Inteligencia artificial,Ciencia y sociedad
2019,Chile,Tecnología,Gen X,Medicina del futuro,Inteligencia artificial,Ciencia y sociedad
2024,Chile,Tecnología,Gen X,Mente y cerebro,Democracia digital,Ciencia y sociedad
2018,América,Tecnología,Gen X,Neurociencia,Ciencia y sociedad,Educación y divulgación científica
2020,Europa,Mente,Gen X,Mente y cerebro,Democracia digital,Ciencia y sociedad
2017,Europa,Mente,Gen X,Datos como poder,S/I,S/I
2015,América,Tecnología,Baby boomers,Ciencia y sociedad,S/I,S/I
2023,América,Tecnología,Baby boomers,Inteligencia artificial,Educación y divulgación científica,Océanos vivos
2016,Europa,Comunicación,Baby boomers,Medicina del futuro,Cambio climático,Mente y cerebro
2017,Europa,S/I,Baby boomers,Edición genética,Datos como poder,Democracia digital
2017,Europa,S/I,Baby boomers,Inteligencia artificial,Datos como poder,Ciencia y sociedad
2020,América,Salud,Baby boomers,Inteligencia artificial,Datos como poder,Límites de la IA
2025,América,Naturaleza,Baby boomers,Mente y cerebro,Cambio climático,Datos como poder
2024,América,Tecnología,Gen X,Inteligencia artificial,Datos como poder,Ciencia y sociedad
2016,Chile,S/I,Gen silenciosa,Mente y cerebro,Educación y divulgación científica,Océanos vivos
2014,Chile,S/I,Gen silenciosa,Mente y cerebro,Democracia digital,Ciencia y sociedad
2025,Chile,Futuro,Gen X,Mente y cerebro,Democracia digital,Ciencia y sociedad
2022,América,Naturaleza,Baby boomers,Mente y cerebro,Cambio climático,Ciencia y sociedad
2023,Europa,Naturaleza,Gen X,Medicina del futuro,Límites de la IA,Ciencia y sociedad
2021,Chile,S/I,Gen X,Mente y cerebro,Ciencia y sociedad,Océanos vivos
2014,Chile,Futuro,Baby boomers,Medicina del futuro,Ciencia y sociedad,Mente y cerebro
2026,Chile,S/I,Millenials,Longevidad activa,Cambio climático,Inteligencia artificial
2016,Chile,Tecnología,Gen X,Mente y cerebro,Cambio climático,Ciencia y sociedad
2017,Africa,Humanidad,Baby boomers,Edición genética,Límites de la IA,Mente y cerebro
2011,América,Tecnología,Baby boomers,Inteligencia colectiva,Democracia digital,Ciencia y sociedad
2025,Chile,S/I,Gen X,Mente y cerebro,Datos como poder,Ciencia y sociedad
2015,Chile,Salud,Baby boomers,Edición genética,Mente y cerebro,S/I
2019,América,Salud,Baby boomers,Cambio climático,Océanos vivos,S/I
2026,Chile,S/I,Gen X,Mente y cerebro,Cambio climático,Transición energética
2019,Chile,Salud,Gen X,Medicina del futuro,Mente y cerebro,Neurociencia
2025,Europa,Humanidad,Gen X,Medicina del futuro,S/I,S/I
2026,Europa,Humanidad,Gen X,Inteligencia artificial,Datos como poder,Límites de la IA
2026,Europa,Humanidad,Gen X,Medicina del futuro,Mente y cerebro,S/I
2025,Europa,Humanidad,Gen X,Inteligencia colectiva,Ciencia y sociedad,Educación y divulgación científica
2016,Chile,S/I,Baby boomers,Mente y cerebro,Ciencia y sociedad,Océanos vivos
2019,Chile,Naturaleza,Baby boomers,Mente y cerebro,Cambio climático,Biodiversidad crítica
2013,Chile,Naturaleza,Baby boomers,Neurociencia,Ciencia y sociedad,Mente y cerebro
2023,Chile,Naturaleza,Baby boomers,Inteligencia artificial,Límites de la IA,Ciencia y sociedad
2013,Chile,Salud,Gen X,Mente y cerebro,S/I,S/I
2026,Chile,Salud,Gen X,Mente y cerebro,Democracia digital,Ciencia y sociedad
2024,Chile,Tecnología,Millenials,Inteligencia artificial,Democracia digital,Ciencia y sociedad
2026,Chile,S/I,Gen X,Mente y cerebro,Ciencia y sociedad,S/I
2025,Chile,Energía,Baby boomers,Inteligencia colectiva,Cambio climático,Límites de la IA
2023,Chile,Sociedad,Millenials,Océanos vivos,Democracia digital,Ciencia y sociedad
2013,Europa,Tecnología,Baby boomers,Mente y cerebro,Cambio climático,Democracia digital
2025,Europa,Tecnología,Baby boomers,Medicina del futuro,Ciencia y sociedad,Mente y cerebro
2026,América,S/I,Baby boomers,Medicina del futuro,Inteligencia artificial,Ciencia y sociedad
2021,América,Salud,Gen silenciosa,Mente y cerebro,Ciencia y sociedad,Educación y divulgación científica
2016,Europa,Tecnología,Gen X,Mente y cerebro,Cambio climático,Democracia digital
2026,Chile,S/I,Gen X,Ciencia y sociedad,S/I,S/I
2017,Chile,S/I,Baby boomers,Neurociencia,Ciencia y sociedad,Mente y cerebro
2014,Chile,Naturaleza,Baby boomers,Mente y cerebro,Ciencia y sociedad,Educación y divulgación científica
2016,Chile,S/I,Baby boomers,Ciencia y sociedad,S/I,S/I
2014,Chile,Tecnología,Baby boomers,Medicina del futuro,Ciencia y sociedad,Educación y divulgación científica
2013,Chile,Futuro,Baby boomers,Inteligencia artificial,Datos como poder,Ciencia y sociedad
2014,Chile,S/I,Baby boomers,Inteligencia colectiva,Democracia digital,Ciencia y sociedad
2015,Chile,Salud,Baby boomers,Mente y cerebro,Ciencia y sociedad,S/I
2016,Chile,Naturaleza,Gen silenciosa,Inteligencia colectiva,Ciencia y sociedad,Mente y cerebro
2013,Chile,Naturaleza,Gen silenciosa,Océanos vivos,Ciencia y sociedad,S/I
2013,Chile,Naturaleza,Gen silenciosa,Biodiversidad crítica,Educación y divulgación científica,Océanos vivos
2026,Chile,S/I,Baby boomers,Mente y cerebro,Ciencia y sociedad,Educación y divulgación científica
2024,Chile,Energía,Gen X,Edición genética,Límites de la IA,Ciencia y sociedad
2018,Chile,Tecnología,Baby boomers,Ciencia y sociedad,Ciencia y sociedad,S/I
2024,América,Tecnología,Gen X,Mente y cerebro,Educación y divulgación científica,S/I
2019,Chile,Tecnología,Baby boomers,Mente y cerebro,Ciencia y sociedad,S/I
2026,Chile,S/I,Gen silenciosa,Océanos vivos,S/I,S/I
2015,Chile,Salud,Gen X,Sistemas vivos,S/I,S/I
2025,Europa,Tecnología,Gen X,Datos como poder,Democracia digital,Ciencia y sociedad
2017,Chile,S/I,Baby boomers,Cambio climático,Mente y cerebro,S/I
2019,Chile,Sociedad,Gen X,Océanos vivos,S/I,S/I
2024,Chile,Naturaleza,Gen X,Inteligencia artificial,Democracia digital,Ciencia y sociedad
2018,América,Salud,Gen silenciosa,Mente y cerebro,Democracia digital,Ciencia y sociedad
2023,Chile,Naturaleza,Millenials,Microbioma,Educación y divulgación científica,S/I
2017,Europa,Sociedad,Baby boomers,Inteligencia artificial,Democracia digital,Ciencia y sociedad
2022,Europa,Naturaleza,Millenials,Edición genética,Límites de la IA,Ciencia y sociedad
2025,Chile,Salud,Millenials,Sistemas vivos,Democracia digital,S/I
2024,América,Naturaleza,Gen X,Límites de la IA,Inteligencia artificial,Océanos vivos
2018,Europa,Naturaleza,Gen X,Mente y cerebro,Ciencia y sociedad,S/I
2026,América,Tecnología,Millenials,Cambio climático,Democracia digital,Ciencia y sociedad
2023,América,Tecnología,Millenials,Mente y cerebro,Biodiversidad crítica,S/I
2022,América,Salud,Baby boomers,Medicina del futuro,Neurociencia,S/I
2021,América,Comunicación,Baby boomers,Mente y cerebro,Ciencia y sociedad,S/I
2021,Chile,Sociedad,Gen Z,Mente y cerebro,Cambio climático,Ciencia y sociedad
2026,Chile,S/I,Gen X,Inteligencia colectiva,Democracia digital,Mente y cerebro
2025,Chile,Naturaleza,Gen X,Medicina del futuro,Mente y cerebro,S/I
2025,Chile,Tecnología,Gen X,Mente y cerebro,S/I,S/I
2025,Chile,Futuro,Gen X,Inteligencia artificial,Ciencia y sociedad,Educación y divulgación científica
2025,Chile,Futuro,Gen X,Mente y cerebro,Transición energética,S/I
2016,Asia,S/I,Baby boomers,Ciudades inteligentes,Educación y divulgación científica,S/I
2026,Chile,S/I,Gen X,Educación y divulgación científica,S/I,S/I
2018,Europa,Sociedad,Baby boomers,Biodiversidad crítica,S/I,S/I
2019,América,Salud,Gen X,Sistemas vivos,Educación y divulgación científica,S/I
2020,Chile,S/I,Millenials,Mente y cerebro,Ciencia y sociedad,Educación y divulgación científica
2017,Asia,Salud,Gen X,Inteligencia colectiva,Democracia digital,Ciencia y sociedad
2021,Asia,Tecnología,Gen X,Transición energética,Ciencia y sociedad,Mente y cerebro
2023,Europa,Energía,Baby boomers,Sistemas vivos,Democracia digital,Ciencia y sociedad
2021,Asia,Cultura,Gen X,Límites de la IA,Transición energética,Inteligencia artificial
2024,América,Tecnología,Gen X,Microbioma,Mente y cerebro,Océanos vivos
2024,Oceanía,Tecnología,Gen X,Medicina del futuro,Biodiversidad crítica,Océanos vivos
2020,Europa,Tecnología,Gen X,Ciencia y sociedad,Mente y cerebro,S/I
2024,Chile,Naturaleza,Millenials,Mente y cerebro,Ciencia y sociedad,S/I
2020,América,Tecnología,Millenials,Ciencia y sociedad,S/I,S/I
2025,América,Tecnología,Baby boomers,Aprendizaje no humano,Cambio climático,Datos como poder
2018,Chile,Salud,Gen X,Mente y cerebro,Océanos vivos,S/I
2013,Chile,Naturaleza,Gen X,Sistemas vivos,Transición energética,Educación y divulgación científica
2018,América,Tecnología,Millenials,Mente y cerebro,Océanos vivos,S/I
2023,América,Naturaleza,Millenials,Medicina del futuro,Ciencia y sociedad,S/I
2026,Asia,S/I,Baby boomers,Medicina del futuro,Educación y divulgación científica,S/I
2019,Asia,Tecnología,Baby boomers,Mente y cerebro,Ciencia y sociedad,Educación y divulgación científica
2018,Asia,Naturaleza,Baby boomers,Cambio climático,Democracia digital,Ciencia y sociedad
2025,América,Salud,Baby boomers,Inteligencia artificial,Límites de la IA,Democracia digital
2026,América,S/I,Baby boomers,Mente y cerebro,Ciencia y sociedad,S/I
2024,Europa,Tecnología,Gen X,Edición genética,Límites de la IA,Ciencia y sociedad
2024,América,Tecnología,Gen X,Mente y cerebro,Datos como poder,Límites de la IA
2021,América,Tecnología,Gen silenciosa,Medicina del futuro,Ciencia y sociedad,Educación y divulgación científica
2022,América,Naturaleza,Baby boomers,Límites de la IA,Transición energética,Inteligencia artificial
2026,Chile,S/I,Millenials,Límites de la IA,Cambio climático,Transición energética
2020,América,Tecnología,Gen X,Sistemas vivos,Ciencia y sociedad,S/I
2023,América,Tecnología,Gen X,Economía regenerativa,S/I,S/I
2020,América,Tecnología,Gen X,Inteligencia artificial,Democracia digital,Ciencia y sociedad
2024,América,Naturaleza,Millenials,Neurociencia,Límites de la IA,Educación y divulgación científica
2018,Europa,Humanidad,Baby boomers,Medicina del futuro,Cambio climático,Ciencia y sociedad
2019,Chile,Naturaleza,Baby boomers,Microbioma,Cambio climático,Ciencia y sociedad
2022,Chile,Tecnología,Millenials,Cambio climático,Ciencia y sociedad,S/I
2024,Chile,Tecnología,Millenials,Cosmos,Ciencia y sociedad,Educación y divulgación científica
2024,Europa,Tecnología,Baby boomers,Límites de la IA,Inteligencia artificial,Ciencia y sociedad
2022,Europa,Tecnología,Baby boomers,Medicina del futuro,Ciencia y sociedad,S/I
2025,Europa,Tecnología,Baby boomers,Límites de la IA,Inteligencia artificial,Ciencia y sociedad
2025,Europa,Tecnología,Baby boomers,Cosmos,S/I,S/I
2023,Europa,Naturaleza,Gen X,Riesgo digital,Educación y divulgación científica,S/I
2025,Europa,Sociedad,Millenials,Edición genética,Límites de la IA,Ciencia y sociedad
2025,Europa,Sociedad,Millenials,Economía regenerativa,S/I,S/I
2025,Europa,Tecnología,Gen X,Medicina del futuro,Límites de la IA,Ciencia y sociedad
2018,Europa,Tecnología,Baby boomers,Océanos vivos,Ciencia y sociedad,Educación y divulgación científica
2018,Chile,Tecnología,Millenials,Límites de la IA,Transición energética,Inteligencia artificial
2011,Asia,Naturaleza,Baby boomers,Microbioma,Educación y divulgación científica,S/I
2024,América,Sociedad,Millenial,Neurociencia,Ciencia y sociedad,Mente y cerebro
2018,Asia,Tecnología,Gen X,Cosmos,Mente y cerebro,S/I
2024,Chile,Tecnología,Gen X,Medicina del futuro,Inteligencia artificial,Límites de la IA
2017,Chile,Tecnología,Gen X,Medicina del futuro,Inteligencia artificial,Mente y cerebro
2018,Chile,Tecnología,Gen X,Ciencia y sociedad,S/I,S/I
2025,Europa,Tecnología,Baby boomers,Ciencia y sociedad,S/I,S/I
2023,Chile,Tecnología,Baby boomers,Mente y cerebro,Ciencia y sociedad,S/I
2023,América,Tecnología,Gen X,Océanos vivos,Educación y divulgación científica,S/I
2023,Asia,Tecnología,Gen X,Educación y divulgación científica,Mente y cerebro,S/I
2026,América,S/I,Gen X,Medicina del futuro,S/I,S/I
2021,América,S/I,Gen X,Computación cuántica,S/I,S/I
2022,Africa,Tecnología,Baby boomers,Ciencia y sociedad,S/I,S/I
2025,Africa,Tecnología,Baby boomers,Mente y cerebro,Océanos vivos,S/I
2023,América,Tecnología,Gen X,Inteligencia colectiva,S/I,S/I
2020,América,Tecnología,Gen X,Ciudades inteligentes,Ciencia y sociedad,S/I
2023,Oceanía,Mente,Gen X,Medicina del futuro,Ciencia y sociedad,Mente y cerebro
2016,Europa,Tecnología,Gen X,Medicina del futuro,Mente y cerebro,S/I
2020,Europa,Sociedad,Baby boomers,Educación y divulgación científica,S/I,S/I
2017,Europa,Naturaleza,Baby boomers,Ciencia y sociedad,S/I,S/I
2026,Chile,S/I,Millenials,Ciencia y sociedad,S/I,S/I
2017,Europa,Naturaleza,Gen X,Mente y cerebro,Democracia digital,Ciencia y sociedad
2025,Chile,Tecnología,Gen X,Ciencia y sociedad,S/I,S/I
2021,Chile,Salud,Baby boomers,Medicina del futuro,Educación y divulgación científica,S/I
2020,Chile,S/I,Gen X,Mente y cerebro,Datos como poder,Ciencia y sociedad
2022,América,Naturaleza,Millenials,Inteligencia artificial,Datos como poder,S/I
2021,América,Tecnología,Gen X,Ciencia y sociedad,S/I,S/I
2016,América,Salud,Gen X,Mente y cerebro,S/I,S/I
2018,América,Naturaleza,Baby boomers,Medicina del futuro,S/I,S/I
2020,Europa,Tecnología,Gen X,Inteligencia artificial,Democracia digital,Ciencia y sociedad
2020,Europa,Tecnología,Baby boomers,Cambio climático,Datos como poder,Biodiversidad crítica
2018,América,Tecnología,Gen X,Mente y cerebro,Educación y divulgación científica,S/I
2024,Chile,Salud,Gen X,Cambio climático,Océanos vivos,S/I
2026,América,S/I,Baby boomers,Cosmos,S/I,S/I
2017,América,Tecnología,Baby boomers,Sistemas vivos,Ciencia y sociedad,Educación y divulgación científica
2025,Chile,Sociedad,Millenials,Medicina del futuro,Datos como poder,Mente y cerebro
2024,Chile,Naturaleza,Millenial,Edición genética,Límites de la IA,S/I
2022,Chile,S/I,Millenials,Cambio climático,Biodiversidad crítica,Océanos vivos
2019,Europa,Salud,Gen X,Inteligencia artificial,Límites de la IA,Ciencia y sociedad
2018,Chile,Naturaleza,Gen X,Cambio climático,Ciencia y sociedad,Educación y divulgación científica
2020,Chile,Naturaleza,Gen X,Inteligencia colectiva,Cambio climático,Democracia digital
2023,Chile,Naturaleza,Gen X,Mente y cerebro,Cambio climático,Democracia digital
2024,Chile,Tecnología,Baby boomers,Mente y cerebro,Biodiversidad crítica,S/I
2016,América,Cultura,Gen X,Mente y cerebro,Transición energética,Ciencia y sociedad
2024,Chile,Tecnología,Millenials,Medicina del futuro,Neurociencia,S/I
2017,Chile,S/I,Gen X,Medicina del futuro,Mente y cerebro,S/I
2026,Europa,Naturaleza,Gen X,Medicina del futuro,Democracia digital,S/I
2024,Chile,Energía,Gen X,Medicina del futuro,S/I,S/I
2024,Chile,Naturaleza,Millenials,Océanos vivos,Educación y divulgación científica,S/I
2020,Chile,Tecnología,Gen X,Medicina del futuro,S/I,S/I
2025,Chile,Tecnología,Gen X,Mente y cerebro,Datos como poder,S/I
2013,Chile,Tecnología,Gen X,Mente y cerebro,Ciencia y sociedad,S/I
2018,Chile,Naturaleza,Gen X,Cambio climático,S/I,S/I
2024,Chile,Naturaleza,Gen X,Océanos vivos,Ciencia y sociedad,S/I
2019,Chile,Naturaleza,Gen X,Democracia del futuro,Democracia digital,Ciencia y sociedad
2024,Chile,Naturaleza,Gen X,Cambio climático,Mente y cerebro,S/I
2019,Chile,Naturaleza,Gen X,Mente y cerebro,Cambio climático,Ciencia y sociedad
2025,América,Futuro,Baby boomers,Cosmos,S/I,S/I
2023,Chile,S/I,Gen X,Inteligencia artificial,Límites de la IA,Mente y cerebro
2016,Chile,S/I,Gen X,Inteligencia colectiva,Democracia digital,Ciencia y sociedad
2025,Chile,Salud,Baby boomers,Aprendizaje no humano,Educación y divulgación científica,Mente y cerebro
2019,Chile,Tecnología,Gen X,Océanos vivos,Ciencia y sociedad,S/I
2019,América,Tecnología,Gen X,Medicina del futuro,Ciencia y sociedad,Mente y cerebro
2020,América,Sociedad,Gen X,Ciencia y sociedad,S/I,S/I
2017,Europa,Futuro,Baby boomers,Economía regenerativa,S/I,S/I
2019,Europa,Salud,Baby boomers,Mente y cerebro,Cambio climático,S/I
2026,Chile,S/I,Gen X,Inteligencia artificial,Ciencia y sociedad,Mente y cerebro
2026,Europa,S/I,Gen X,Océanos vivos,Transición energética,S/I
2023,Europa,Naturaleza,Gen X,Inteligencia artificial,Democracia digital,Ciencia y sociedad
2022,Chile,Sociedad,Millenials,Mente y cerebro,Ciencia y sociedad,Educación y divulgación científica
2014,Chile,Salud,Baby boomers,Inteligencia artificial,Datos como poder,S/I
2024,América,Comunicación,Gen X,Riesgo digital,Democracia digital,S/I
2018,Chile,Humanidad,Gen X,Medicina del futuro,Mente y cerebro,S/I
2020,América,S/I,Gen X,Mente y cerebro,Biodiversidad crítica,S/I
2024,América,Humanidad,Baby boomers,Mente y cerebro,Cambio climático,Transición energética
2025,Chile,Naturaleza,Millenials,Mente y cerebro,Ciencia y sociedad,S/I
2015,Chile,S/I,Baby boomers,Medicina del futuro,Mente y cerebro,Neurociencia
2017,América,S/I,Baby boomers,Ciencia y sociedad,S/I,S/I
2023,Chile,Tecnología,Gen X,Ciencia y sociedad,S/I,S/I
2026,Chile,S/I,Millenials,Microbioma,S/I,S/I
2023,América,Tecnología,Gen X,Medicina del futuro,Mente y cerebro,Neurociencia
2021,Chile,Humanidad,Gen X,Mente y cerebro,Límites de la IA,S/I
2021,Chile,Tecnología,Gen X,Mente y cerebro,Cambio climático,S/I
2016,Europa,S/I,Baby boomers,Mente y cerebro,Democracia digital,Ciencia y sociedad
2018,Chile,Tecnología,Baby boomers,Mente y cerebro,Cambio climático,Ciencia y sociedad
2017,Chile,Tecnología,Baby boomers,Medicina del futuro,Transición energética,S/I
2013,Chile,Tecnología,Baby boomers,Inteligencia artificial,Datos como poder,Democracia digital
2014,Chile,Tecnología,Baby boomers,Medicina del futuro,S/I,S/I
2011,Chile,Tecnología,Baby boomers,Océanos vivos,Educación y divulgación científica,S/I
2015,Chile,Tecnología,Baby boomers,Inteligencia artificial,Datos como poder,Límites de la IA
2022,Europa,Naturaleza,Gen X,Biodiversidad crítica,Ciencia y sociedad,S/I
2019,Chile,Tecnología,Baby boomers,Ciencia y sociedad,S/I,S/I
2014,Chile,S/I,Gen X,Cuerpo y tecnología,Ciencia y sociedad,S/I
2026,América,S/I,Gen X,Medicina del futuro,S/I,S/I
2024,América,Tecnología,Gen X,Neurociencia,Mente y cerebro,S/I
2026,Europa,S/I,Millenials,Medicina del futuro,Inteligencia artificial,Mente y cerebro
2024,Chile,Tecnología,Baby boomers,Límites de la IA,Datos como poder,Inteligencia artificial
2024,Europa,Naturaleza,Millenials,Educación y divulgación científica,Ciencia y sociedad,S/I
2023,Europa,Naturaleza,Millenials,Ciencia y sociedad,S/I,S/I
2022,Europa,S/I,Baby boomers,Ciencia y sociedad,S/I,S/I
2016,Chile,Naturaleza,Baby boomers,Computación cuántica,S/I,S/I
2017,Chile,Naturaleza,Baby boomers,Cuerpo y tecnología,Ciencia y sociedad,S/I
2017,Chile,Naturaleza,Baby boomers,Cuerpo y tecnología,Ciencia y sociedad,S/I
2014,Chile,Naturaleza,Baby boomers,Medicina del futuro,Ciencia y sociedad,Océanos vivos
2013,Chile,Naturaleza,Baby boomers,Cuerpo y tecnología,Educación y divulgación científica,S/I
2020,Chile,Sociedad,Gen silenciosa,Mente y cerebro,Ciencia y sociedad,S/I
2017,Chile,Naturaleza,Baby boomers,Ciencia y sociedad,S/I,S/I
2024,Chile,Sociedad,Gen X,Transición energética,Ciencia y sociedad,S/I
2024,Chile,Salud,Gen X,Mente y cerebro,Datos como poder,Ciencia y sociedad
2020,América,Naturaleza,Gen silenciosa,Océanos vivos,S/I,S/I
2017,Chile,Tecnología,Baby boomers,Edición genética,Ciencia y sociedad,Mente y cerebro
2018,Chile,Tecnología,Millenials,Mente y cerebro,Ciencia y sociedad,S/I
2026,Europa,Naturaleza,Millenials,Inteligencia colectiva,Transición energética,Democracia digital
2023,Europa,Naturaleza,Millenials,Medicina del futuro,Ciencia y sociedad,Mente y cerebro
2022,Europa,Naturaleza,Baby boomers,Inteligencia colectiva,Cambio climático,Mente y cerebro
2019,Europa,Naturaleza,Gen X,Inteligencia colectiva,Cambio climático,Transición energética
2018,Europa,Tecnología,Gen X,Medicina del futuro,Ciencia y sociedad,S/I
2025,Europa,Tecnología,Gen X,Inteligencia artificial,Datos como poder,Límites de la IA
2025,Europa,Tecnología,Gen X,Inteligencia artificial,Datos como poder,Mente y cerebro
2014,Chile,Naturaleza,Gen X,Neurociencia,Ciencia y sociedad,Educación y divulgación científica
2023,Chile,Naturaleza,Gen X,Inteligencia artificial,Datos como poder,Democracia digital
2025,Europa,Naturaleza,Gen X,Biodiversidad crítica,Democracia digital,Ciencia y sociedad
2016,América,Naturaleza,Baby boomers,Biodiversidad crítica,Ciencia y sociedad,Océanos vivos
2024,Europa,Tecnología,Gen X,Medicina del futuro,Ciencia y sociedad,Océanos vivos
2019,Europa,Tecnología,Gen X,Inteligencia artificial,Datos como poder,Límites de la IA
2020,Chile,S/I,Baby boomers,Inteligencia artificial,Mente y cerebro,Neurociencia
2024,Chile,Tecnología,Millenials,Mente y cerebro,Cambio climático,Transición energética
2021,América,Tecnología,Baby boomers,Océanos vivos,Transición energética,S/I
2016,Chile,S/I,Baby boomers,Edición genética,Límites de la IA,Ciencia y sociedad
2020,Europa,Naturaleza,Baby boomers,Inteligencia colectiva,Cambio climático,Democracia digital
2018,América,Salud,Baby boomers,Inteligencia artificial,Datos como poder,Límites de la IA
2020,Europa,Tecnología,Baby boomers,Mente y cerebro,Democracia digital,S/I
2025,Europa,Naturaleza,Baby boomers,Mente y cerebro,Democracia digital,S/I
2015,Europa,Tecnología,Gen X,Mente y cerebro,Ciencia y sociedad,Educación y divulgación científica
2024,Chile,Tecnología,Millenials,Mente y cerebro,Océanos vivos,S/I
2016,Chile,S/I,Gen Z,Edición genética,Límites de la IA,Neurociencia
2024,Chile,Naturaleza,Gen Z,Edición genética,Ciencia y sociedad,Mente y cerebro
2026,América,S/I,Baby boomers,Sistemas vivos,Educación y divulgación científica,S/I
2017,América,Tecnología,Gen X,Transición energética,Mente y cerebro,S/I
2017,América,Salud,Baby boomers,Medicina del futuro,Democracia digital,Neurociencia
2025,Chile,Tecnología,Millenials,Medicina del futuro,Mente y cerebro,Biodiversidad crítica
2018,Chile,Naturaleza,Gen X,Mente y cerebro,Ciencia y sociedad,Salud mental
2024,Chile,Tecnología,Gen X,Medicina del futuro,Ciencia y sociedad,Educación y divulgación científica
2011,Chile,S/I,Gen silenciosa,Edición genética,Límites de la IA,S/I
2015,América,Tecnología,Gen X,Inteligencia artificial,Datos como poder,Límites de la IA
2013,Europa,Tecnología,Baby boomers,Inteligencia artificial,Datos como poder,Límites de la IA
2026,Europa,S/I,Baby boomers,Mente y cerebro,Ciencia y sociedad,Educación y divulgación científica
2026,Europa,S/I,Baby boomers,Medicina del futuro,S/I,S/I
2017,Europa,Tecnología,Baby boomers,Neurociencia,Ciencia y sociedad,Mente y cerebro
2023,Chile,S/I,Gen X,Mente y cerebro,Transición energética,Ciencia y sociedad
2015,Chile,Energía,Baby boomers,Límites de la IA,Inteligencia artificial,Democracia digital
2019,América,Salud,Baby boomers,Inteligencia artificial,Ciencia y sociedad,Mente y cerebro
2020,América,Naturaleza,Gen X,Medicina del futuro,Datos como poder,Democracia digital
2019,América,Tecnología,Gen X,Océanos vivos,Datos como poder,Ciencia y sociedad
2019,Europa,Tecnología,Gen X,Medicina del futuro,Inteligencia artificial,Límites de la IA
2026,América,S/I,Baby boomers,Datos como poder,S/I,S/I
2026,Europa,S/I,Gen X,Cambio climático,Océanos vivos,S/I
2019,América,Futuro,Gen silenciosa,Mente y cerebro,Educación y divulgación científica,Océanos vivos
2025,América,Tecnología,Gen X,Sistemas vivos,Ciencia y sociedad,Educación y divulgación científica
2022,América,Sociedad,Baby boomers,Aprendizaje no humano,Educación y divulgación científica,Océanos vivos
2023,Chile,Tecnología,Gen X,Cuerpo y tecnología,Ciencia y sociedad,S/I
2015,Africa,Energía,Baby boomers,Medicina del futuro,Transición energética,Educación y divulgación científica
2016,Europa,Futuro,Gen silenciosa,Mente y cerebro,Datos como poder,Ciencia y sociedad
2019,Europa,Futuro,Gen silenciosa,Inteligencia artificial,Datos como poder,Ciencia y sociedad
2013,Europa,Futuro,Gen silenciosa,Océanos vivos,Cambio climático,Transición energética
2011,Europa,Futuro,Gen silenciosa,Medicina del futuro,Transición energética,Ciencia y sociedad
2015,Europa,Futuro,Gen silenciosa,Mente y cerebro,S/I,S/I
2016,Chile,S/I,Baby boomers,Inteligencia artificial,Democracia digital,Ciencia y sociedad
2018,Chile,S/I,Baby boomers,Inteligencia colectiva,Ciencia y sociedad,Educación y divulgación científica
2017,Chile,S/I,Baby boomers,Medicina del futuro,Cambio climático,Ciencia y sociedad
2015,Chile,S/I,Baby boomers,Mente y cerebro,Cambio climático,Ciencia y sociedad
2023,América,Energía,Baby boomers,Mente y cerebro,Transición energética,Ciencia y sociedad
2018,América,Energía,Baby boomers,Inteligencia colectiva,Cambio climático,Ciencia y sociedad
2024,Europa,Tecnología,Gen X,Inteligencia artificial,Datos como poder,Democracia digital
2016,América,Tecnología,Baby boomers,Medicina del futuro,Ciencia y sociedad,Mente y cerebro
2017,Europa,Tecnología,Baby boomers,Mente y cerebro,Cambio climático,Transición energética
2025,América,Tecnología,Gen X,Inteligencia colectiva,Democracia digital,Ciencia y sociedad
2026,Europa,Tecnología,Millenials,Medicina del futuro,Límites de la IA,Mente y cerebro
2018,Chile,Tecnología,Gen X,Edición genética,Transición energética,Límites de la IA
2024,Asia,Energía,Gen X,Mente y cerebro,Transición energética,S/I
2018,Chile,Tecnología,Gen X,Océanos vivos,Ciencia y sociedad,S/I
2018,Chile,Naturaleza,Baby boomers,Mente y cerebro,Cambio climático,Océanos vivos
2025,Asia,S/I,S/I,Mente y cerebro,Océanos vivos,S/I
2018,Europa,Salud,Gen X,Medicina del futuro,Ciencia y sociedad,Mente y cerebro
2019,América,S/I,Gen X,Edición genética,Democracia digital,Ciencia y sociedad
2025,América,Tecnología,Baby boomers,Medicina del futuro,Ciencia y sociedad,Neurociencia
2026,América,Tecnología,Baby boomers,Medicina del futuro,Datos como poder,Democracia digital
2019,Europa,Salud,Baby boomers,Aprendizaje no humano,Cambio climático,Transición energética
2024,Asia,Humanidad,Gen X,Edición genética,Límites de la IA,Mente y cerebro
2022,Asia,Humanidad,Gen silenciosa,Medicina del futuro,Mente y cerebro,Neurociencia
2023,Chile,Naturaleza,Gen X,Inteligencia artificial,Datos como poder,Ciencia y sociedad
2023,Chile,Naturaleza,Millenials,Aprendizaje no humano,Educación y divulgación científica,S/I
2018,Europa,Tecnología,Baby boomers,Cambio climático,Transición energética,S/I
2022,Asia,Naturaleza,Gen X,Mente y cerebro,Transición energética,S/I
2023,América,Naturaleza,Gen X,Edición genética,Datos como poder,Inteligencia artificial
2021,Chile,S/I,Gen X,Inteligencia artificial,Datos como poder,Democracia digital
2026,Africa,Tecnología,Millenials,Mente y cerebro,Educación y divulgación científica,Océanos vivos
2018,Chile,Tecnología,Gen X,Inteligencia colectiva,Transición energética,Ciencia y sociedad
2023,Europa,Tecnología,Gen X,Democracia del futuro,Democracia digital,Ciencia y sociedad
2020,Chile,Tecnología,Gen X,Cambio climático,Mente y cerebro,Biodiversidad crítica
2016,Chile,S/I,Gen X,Inteligencia artificial,Datos como poder,Educación y divulgación científica
2016,Chile,S/I,Gen X,Límites de la IA,Cambio climático,Transición energética
2018,Asia,Tecnología,Baby boomers,Inteligencia colectiva,Datos como poder,Límites de la IA
2020,Europa,S/I,Gen X,Medicina del futuro,Ciencia y sociedad,Mente y cerebro
2025,América,Naturaleza,Gen X,Mente y cerebro,Cambio climático,Biodiversidad crítica
2022,Europa,Tecnología,Millenials,Cambio climático,Transición energética,Democracia digital
2022,Europa,Tecnología,Gen X,Inteligencia artificial,Cambio climático,Transición energética
2021,Chile,Naturaleza,Gen X,Medicina del futuro,Transición energética,Océanos vivos
2024,Chile,Tecnología,Millenials,Ciencia y sociedad,S/I,S/I
2024,Chile,Tecnología,Millenials,Cambio climático,Datos como poder,S/I
2020,Chile,Tecnología,Millenials,Mente y cerebro,Biodiversidad crítica,S/I
2023,Chile,Tecnología,Millenials,Neurociencia,Mente y cerebro,S/I
2018,Chile,Humanidad,Gen silenciosa,Inteligencia artificial,Datos como poder,Democracia digital
2022,Europa,Tecnología,Gen X,Mente y cerebro,Ciencia y sociedad,Educación y divulgación científica
2013,Chile,Futuro,Gen X,Economía regenerativa,S/I,S/I
2026,Chile,S/I,Millenials,Mente y cerebro,Ciencia y sociedad,Océanos vivos
2026,Europa,Tecnología,Gen X,Mente y cerebro,Cambio climático,Océanos vivos
2018,Europa,Sociedad,Baby boomers,Mente y cerebro,Cambio climático,Transición energética
2019,América,Tecnología,Baby boomers,Inteligencia colectiva,Democracia digital,Educación y divulgación científica
2023,América,Naturaleza,Gen silenciosa,Océanos vivos,Ciencia y sociedad,S/I
2018,Asia,Tecnología,Baby boomers,Edición genética,Datos como poder,Límites de la IA
2022,Chile,Tecnología,Baby boomers,Ciudades inteligentes,S/I,S/I
2025,América,Tecnología,Baby boomers,Inteligencia artificial,Democracia digital,Ciencia y sociedad
2023,América,Tecnología,Baby boomers,Mente y cerebro,S/I,S/I
2016,América,S/I,Gen silenciosa,Inteligencia artificial,Educación y divulgación científica,Mente y cerebro
2026,Europa,S/I,Baby boomers,Océanos vivos,Ciencia y sociedad,S/I
2022,Europa,Tecnología,Gen X,Microbioma,Educación y divulgación científica,S/I
2024,América,Tecnología,Gen X,Ciencia y sociedad,S/I,S/I
2025,América,Tecnología,Gen X,Mente y cerebro,Cambio climático,Transición energética
2025,Europa,Tecnología,Baby boomers,Mente y cerebro,Educación y divulgación científica,Océanos vivos
2018,Chile,Naturaleza,Gen X,Inteligencia artificial,Ciencia y sociedad,Mente y cerebro
2022,Chile,Sociedad,Baby boomers,Océanos vivos,Datos como poder,Ciencia y sociedad
2026,Europa,Tecnología,Baby boomers,Límites de la IA,Inteligencia artificial,Océanos vivos
2022,Europa,Tecnología,Baby boomers,Inteligencia artificial,Límites de la IA,Mente y cerebro
2024,América,Energía,Baby boomers,Océanos vivos,Educación y divulgación científica,S/I
2025,Asia,Tecnología,Gen X,Inteligencia artificial,Datos como poder,Ciencia y sociedad
2022,América,Salud,Baby boomers,Datos como poder,Salud mental,S/I
2026,Chile,S/I,Gen X,Océanos vivos,Ciencia y sociedad,Mente y cerebro
2023,América,Tecnología,Gen X,Educación y divulgación científica,Ciencia y sociedad,S/I
2017,Chile,S/I,Baby boomers,Longevidad activa,Mente y cerebro,Neurociencia
2026,América,S/I,Baby boomers,Cuerpo y tecnología,Ciencia y sociedad,S/I
2014,Chile,Naturaleza,Baby boomers,Inteligencia artificial,Límites de la IA,Mente y cerebro
2023,Chile,Naturaleza,Baby boomers,Medicina del futuro,Ciencia y sociedad,Biodiversidad crítica
2016,Asia,Tecnología,Baby boomers,Microbioma,Mente y cerebro,Océanos vivos
2025,Chile,Tecnología,Millenials,Inteligencia artificial,Límites de la IA,Ciencia y sociedad
2021,Chile,Naturaleza,Baby boomers,Mente y cerebro,Cambio climático,Ciencia y sociedad
2021,Chile,Tecnología,Millenials,Inteligencia artificial,Transición energética,Límites de la IA
2025,Chile,Naturaleza,Gen X,Inteligencia artificial,Democracia digital,Ciencia y sociedad
2019,Chile,Naturaleza,Baby boomers,Medicina del futuro,Inteligencia artificial,S/I
2016,América,Salud,Gen X,Inteligencia colectiva,Democracia digital,Mente y cerebro
2025,América,Tecnología,Gen X,Medicina del futuro,Datos como poder,Inteligencia artificial
2020,Chile,Sociedad,Gen X,Economía regenerativa,S/I,S/I
2016,Chile,Sociedad,Gen X,Cambio climático,Transición energética,S/I
2017,Chile,Naturaleza,Gen Z,Océanos vivos,S/I,S/I
2017,Chile,Tecnología,Gen silenciosa,Inteligencia artificial,Datos como poder,Educación y divulgación científica
2013,Chile,Tecnología,Gen silenciosa,Inteligencia artificial,Democracia digital,Ciencia y sociedad
2024,Chile,Tecnología,Millenials,Cambio climático,Océanos vivos,S/I
2026,Chile,S/I,Gen X,Medicina del futuro,Inteligencia artificial,Límites de la IA
2026,Chile,S/I,Gen X,Cambio climático,Transición energética,S/I
2016,América,Humanidad,Baby boomers,Medicina del futuro,Transición energética,Datos como poder
2025,Chile,Naturaleza,Millenials,Mente y cerebro,S/I,S/I
2021,América,Naturaleza,Millenials,Inteligencia artificial,Educación y divulgación científica,Mente y cerebro
2017,Chile,Salud,Gen X,Biodiversidad crítica,Transición energética,Océanos vivos
2025,Chile,Tecnología,Gen X,Medicina del futuro,Educación y divulgación científica,Neurociencia
2020,América,Sociedad,Millenials,Mente y cerebro,S/I,S/I
2026,Chile,S/I,Gen X,Medicina del futuro,Inteligencia artificial,S/I
2018,Europa,Tecnología,Gen X,Edición genética,Límites de la IA,Neurociencia
2022,Europa,Naturaleza,Gen silenciosa,Mente y cerebro,S/I,S/I
2023,Europa,Naturaleza,Gen silenciosa,Medicina del futuro,Mente y cerebro,S/I
2021,América,Mente,Gen silenciosa,Ciencia y sociedad,S/I,S/I
2026,Chile,S/I,Gen X,Inteligencia artificial,Datos como poder,Mente y cerebro
2019,Chile,Tecnología,Baby boomers,Mente y cerebro,Cambio climático,Transición energética
2020,Chile,Tecnología,Baby boomers,Inteligencia artificial,Datos como poder,Ciencia y sociedad
2024,Chile,Energía,Millenials,Transición energética,Ciencia y sociedad,S/I
2022,Chile,Sociedad,Gen X,Inteligencia artificial,Datos como poder,Mente y cerebro
2015,Chile,Naturaleza,Baby boomers,Inteligencia artificial,Educación y divulgación científica,Océanos vivos
2025,Chile,Naturaleza,Gen X,Cambio climático,Mente y cerebro,Biodiversidad crítica
2022,Chile,Sociedad,Gen X,Medicina del futuro,Océanos vivos,S/I
2011,Chile,Tecnología,Baby boomers,Inteligencia artificial,Límites de la IA,Ciencia y sociedad
2023,Chile,Energía,Gen X,Neurociencia,Mente y cerebro,S/I
2016,Chile,S/I,Gen X,Microbioma,Biodiversidad crítica,S/I
2026,Chile,S/I,Gen X,Inteligencia artificial,Datos como poder,Democracia digital
2025,América,Tecnología,Baby boomers,Edición genética,Inteligencia artificial,Límites de la IA
2016,Europa,Mente,Baby boomers,Género y diversidad,S/I,S/I
2015,Europa,Mente,Baby boomers,Inteligencia artificial,Mente y cerebro,S/I
2018,Europa,Mente,Baby boomers,Género y diversidad,Ciencia y sociedad,S/I
2017,Europa,Mente,Baby boomers,Mente y cerebro,S/I,S/I
2013,Europa,Mente,Baby boomers,Medicina del futuro,Ciencia y sociedad,Mente y cerebro
2011,Europa,Mente,Baby boomers,Océanos vivos,Ciencia y sociedad,S/I
2021,Chile,S/I,Gen X,Agua estratégica,Democracia digital,S/I
2020,Chile,Cultura,Millenials,Mente y cerebro,Transición energética,Ciencia y sociedad
2020,Chile,Tecnología,Millenials,Biodiversidad crítica,Ciencia y sociedad,Océanos vivos
2020,Chile,Sociedad,Gen X,Cambio climático,Transición energética,Océanos vivos
2025,Chile,Naturaleza,Gen X,Mente y cerebro,Educación y divulgación científica,Océanos vivos
2024,Chile,Tecnología,Millenials,Neurociencia,Ciencia y sociedad,Océanos vivos
2018,Chile,Tecnología,Gen X,Océanos vivos,Ciencia y sociedad,Mente y cerebro
2015,Chile,Sociedad,Gen X,Mente y cerebro,Ciencia y sociedad,Océanos vivos
2011,Chile,Tecnología,Baby boomers,Mente y cerebro,Datos como poder,Océanos vivos
2013,Chile,Tecnología,Baby boomers,Mente y cerebro,Ciencia y sociedad,Educación y divulgación científica
2026,Chile,S/I,Gen X,Medicina del futuro,Educación y divulgación científica,Salud mental
2021,Europa,Tecnología,Gen X,Inteligencia artificial,Datos como poder,Ciencia y sociedad
2020,Chile,Humanidad,Gen X,Inteligencia artificial,Océanos vivos,S/I
2017,América,Tecnología,Baby boomers,Edición genética,Límites de la IA,Ciencia y sociedad
2018,Oceanía,Humanidad,Baby boomers,Océanos vivos,Educación y divulgación científica,S/I
2013,América,Energía,Gen silenciosa,Cambio climático,Transición energética,S/I
2016,América,Salud,Gen X,Inteligencia artificial,Ciencia y sociedad,Mente y cerebro
2024,Oceanía,Tecnología,Baby boomers,Inteligencia artificial,Transición energética,Datos como poder
2017,Europa,Tecnología,Gen X,Edición genética,Límites de la IA,Biodiversidad crítica
2021,Europa,Sociedad,Gen X,Inteligencia artificial,S/I,S/I
2024,Oceanía,S/I,Baby boomers,Medicina del futuro,Límites de la IA,Ciencia y sociedad
2017,Europa,Tecnología,Gen silenciosa,Límites de la IA,Transición energética,Inteligencia artificial
2013,Europa,Tecnología,Baby boomers,Economía regenerativa,Ciencia y sociedad,S/I
2023,Chile,Salud,Baby boomers,Inteligencia artificial,Transición energética,Datos como poder
2020,Chile,Naturaleza,Gen X,Mente y cerebro,Cambio climático,S/I
2026,Chile,S/I,Gen X,Aprendizaje no humano,Límites de la IA,Educación y divulgación científica
2026,Europa,S/I,Gen X,Inteligencia artificial,S/I,S/I
2019,Europa; Asia,Tecnología,Millenials,Medicina del futuro,Mente y cerebro,Neurociencia
2025,Chile,Tecnología,Millenials,Inteligencia artificial,Educación y divulgación científica,Mente y cerebro
2022,Asia,Naturaleza,Gen X,Inteligencia artificial,Datos como poder,Límites de la IA
2024,Asia,Tecnología,Millenials,Inteligencia artificial,S/I,S/I
2017,Asia,S/I,Gen X,Ciencia y sociedad,S/I,S/I
2026,Asia,S/I,Baby boomers,Mente y cerebro,S/I,S/I
2026,Asia,Tecnología,Gen X,Neurociencia,Ciencia y sociedad,S/I
2019,América,Naturaleza,Baby boomers,Medicina del futuro,Neurociencia,S/I
2021,América,Tecnología,Gen X,Medicina del futuro,Mente y cerebro,Biodiversidad crítica
2016,Africa,S/I,Baby boomers,Océanos vivos,Ciencia y sociedad,S/I
2025,América,Naturaleza,Baby boomers,Sistemas vivos,S/I,S/I
2022,Europa,Tecnología,Baby boomers,Inteligencia artificial,Datos como poder,Límites de la IA
2013,Chile,S/I,Baby boomers,Medicina del futuro,Neurociencia,S/I
2022,Europa,Humanidad,Baby boomers,Medicina del futuro,Mente y cerebro,S/I
2016,Europa,Humanidad,Baby boomers,Medicina del futuro,Datos como poder,Educación y divulgación científica
2024,Europa,Humanidad,Baby boomers,Medicina del futuro,Mente y cerebro,Salud mental
2017,Europa,Humanidad,Baby boomers,Transición energética,S/I,S/I
2020,Europa,Humanidad,Baby boomers,Longevidad activa,Ciencia y sociedad,Mente y cerebro
2019,Europa,Humanidad,Baby boomers,Inteligencia artificial,Datos como poder,Ciencia y sociedad
2023,Europa,Humanidad,Baby boomers,Inteligencia artificial,Datos como poder,Ciencia y sociedad
2026,América,S/I,Gen X,Inteligencia colectiva,Democracia digital,Mente y cerebro
2025,Europa,Tecnología,Baby boomers,Inteligencia artificial,S/I,S/I
2025,Europa,Tecnología,Baby boomers,Ciencia y sociedad,S/I,S/I
2016,América,S/I,Baby boomers,Economía regenerativa,Ciencia y sociedad,S/I
2024,Europa,Tecnología,Baby boomers,Ciencia y sociedad,S/I,S/I
2026,Europa,Tecnología,Baby boomers,Medicina del futuro,Ciencia y sociedad,Neurociencia
2023,Europa,Tecnología,Millenials,Medicina del futuro,Mente y cerebro,Neurociencia
2022,Europa,Sociedad,Millenial,Mente y cerebro,Datos como poder,Ciencia y sociedad
2025,América,Naturaleza,Baby boomers,Inteligencia artificial,Límites de la IA,S/I
2026,Asia,Salud,Baby boomers,Inteligencia artificial,Mente y cerebro,S/I
2023,América,Salud,Baby boomers,Medicina del futuro,S/I,S/I
2023,Chile,Energía,Gen X,Mente y cerebro,Ciencia y sociedad,Educación y divulgación científica
2015,Chile,Tecnología,Baby boomers,Inteligencia artificial,Ciencia y sociedad,Mente y cerebro
2023,América,Tecnología,Gen X,Medicina del futuro,Educación y divulgación científica,Océanos vivos
2025,América,Salud,Baby boomers,Mente y cerebro,Transición energética,S/I
2021,Europa,S/I,Baby boomers,Océanos vivos,Democracia digital,Ciencia y sociedad
2019,América,Tecnología,Millenials,Inteligencia artificial,Democracia digital,Ciencia y sociedad
2026,Europa,Sociedad,Baby boomers,Océanos vivos,Ciencia y sociedad,S/I
2026,Europa,Sociedad,Baby boomers,Inteligencia colectiva,Ciencia y sociedad,Educación y divulgación científica
2025,Europa,Sociedad,Baby boomers,Mente y cerebro,Océanos vivos,S/I
2025,Europa,Sociedad,Baby boomers,Mente y cerebro,Ciencia y sociedad,Biodiversidad crítica
2014,Chile,Naturaleza,Baby boomers,Mente y cerebro,Ciencia y sociedad,S/I
2011,Europa,Naturaleza,Gen silenciosa,Transición energética,Democracia digital,Educación y divulgación científica
2017,Asia,Salud,Millenials,Mente y cerebro,S/I,S/I
2013,Chile,Tecnología,Baby boomers,Inteligencia artificial,Límites de la IA,S/I
2018,América,Cultura,Gen silenciosa,Aprendizaje no humano,Educación y divulgación científica,Mente y cerebro
2017,Chile,Tecnología,Gen X,Inteligencia colectiva,Ciencia y sociedad,Mente y cerebro
2024,Chile,Tecnología,Baby boomers,Mente y cerebro,Ciencia y sociedad,S/I
2016,Europa,Tecnología,Baby boomers,Mente y cerebro,Datos como poder,Ciencia y sociedad
2017,Chile,Naturaleza,Millenials,Ciencia y sociedad,S/I,S/I
2015,Chile,Tecnología,Gen silenciosa,Inteligencia artificial,Datos como poder,Ciencia y sociedad
2013,Chile,Tecnología,Gen silenciosa,Edición genética,Límites de la IA,S/I
2017,Chile,S/I,Baby boomers,Mente y cerebro,Educación y divulgación científica,S/I
2025,Chile,Energía,Millenials,Medicina del futuro,Educación y divulgación científica,Mente y cerebro
2021,Chile,Cultura,Baby boomers,Mente y cerebro,Ciencia y sociedad,Biodiversidad crítica
2014,Chile,Cultura,Baby boomers,Aprendizaje no humano,Cambio climático,Educación y divulgación científica
2014,Chile,Cultura,Baby boomers,Inteligencia artificial,Mente y cerebro,S/I
2014,Chile,S/I,Baby boomers,Longevidad activa,Ciencia y sociedad,Mente y cerebro
2016,Chile,Salud,Baby boomers,Medicina del futuro,Educación y divulgación científica,Neurociencia
2015,Chile,Salud,Baby boomers,Ciencia y sociedad,Mente y cerebro,S/I
2017,Chile,Salud,Baby boomers,Computación cuántica,S/I,S/I
2013,Chile,Salud,Baby boomers,Mente y cerebro,Transición energética,Biodiversidad crítica
2016,América,S/I,Gen X,Inteligencia artificial,Datos como poder,S/I
2026,Europa,S/I,Millenials,Ciudades inteligentes,S/I,S/I
2014,América,S/I,Baby boomers,Mente y cerebro,Educación y divulgación científica,S/I
2019,Europa,Cultura,Gen silenciosa,Medicina del futuro,Educación y divulgación científica,S/I
2019,Europa,Cultura,Gen silenciosa,Mente y cerebro,Cambio climático,Océanos vivos
2015,América,Naturaleza,Baby boomers,Límites de la IA,Cambio climático,Transición energética
2017,América,Naturaleza,Baby boomers,Ciencia y sociedad,S/I,S/I
2018,América,Tecnología,Gen X,Mente y cerebro,S/I,S/I
2016,Europa,Sociedad,Gen silenciosa,Inteligencia artificial,Límites de la IA,Ciencia y sociedad
2026,Europa,Tecnología,Baby boomers,Cambio climático,S/I,S/I
2022,América,Tecnología,Baby boomers,Inteligencia colectiva,S/I,S/I
2019,Asia,Salud,Gen X,Inteligencia artificial,Límites de la IA,Ciencia y sociedad
2023,Asia,Salud,Gen X,Transición energética,S/I,S/I
2019,Oceanía,Salud,Gen X,Biodiversidad crítica,Transición energética,Ciencia y sociedad
2025,Oceanía,Salud,Gen X,Ciencia y sociedad,S/I,S/I
2020,Oceanía,Salud,Gen X,Medicina del futuro,Educación y divulgación científica,S/I
2023,América,Tecnología,Gen X,Sistemas vivos,Educación y divulgación científica,Mente y cerebro
2019,América,Tecnología,Baby boomers,Datos como poder,Ciencia y sociedad,Educación y divulgación científica
2014,Chile,Futuro,Baby boomers,Mente y cerebro,S/I,S/I
2017,Europa,Cultura,Baby boomers,Mente y cerebro,S/I,S/I
2021,Chile,Salud,Gen X,Medicina del futuro,Educación y divulgación científica,S/I
2024,Chile,Tecnología,Gen X,Medicina del futuro,Educación y divulgación científica,Neurociencia
2025,Chile,Salud,Millenials,Inteligencia artificial,Límites de la IA,Mente y cerebro
2024,Chile,Humanidad,Millenial,Género y diversidad,Ciencia y sociedad,S/I
2022,Chile,Sociedad,Gen X,Mente y cerebro,S/I,S/I
2024,América,Humanidad,Gen X,Sistemas vivos,S/I,S/I
2024,América,Humanidad,Gen X,Inteligencia colectiva,Democracia digital,Ciencia y sociedad
2016,Chile,Energía,Gen X,Sistemas vivos,Transición energética,Ciencia y sociedad
2017,Chile,Energía,Gen X,Mente y cerebro,Transición energética,Datos como poder
2014,Chile,Energía,Gen X,Medicina del futuro,Transición energética,Océanos vivos
2018,Chile,Energía,Millenial,Medicina del futuro,Mente y cerebro,Océanos vivos
2018,Asia,Tecnología,Gen X,Medicina del futuro,Mente y cerebro,Océanos vivos
2024,América,Tecnología,Millenials,Inteligencia colectiva,Democracia digital,Educación y divulgación científica
2015,Chile,Tecnología,Gen X,Inteligencia artificial,Ciencia y sociedad,Mente y cerebro
2019,América,Salud,Gen X,Medicina del futuro,Mente y cerebro,Océanos vivos
2018,Chile,S/I,Baby boomers,Microbioma,Mente y cerebro,Océanos vivos
2017,América,Tecnología,Gen X,Género y diversidad,Educación y divulgación científica,S/I
2019,Asia,Sociedad,Gen X,Medicina del futuro,Mente y cerebro,Neurociencia
2024,América,Naturaleza,Gen X,Inteligencia artificial,Ciencia y sociedad,S/I
2024,Chile,Naturaleza,Gen X,Inteligencia artificial,Límites de la IA,S/I
2026,Europa,S/I,Baby boomers,Océanos vivos,S/I,S/I
2023,América,Naturaleza,Millenials,Medicina del futuro,Ciencia y sociedad,Neurociencia
2022,Europa,Salud,Baby boomers,Economía regenerativa,Ciencia y sociedad,Educación y divulgación científica
2019,América,Naturaleza,Millenials,Educación y divulgación científica,S/I,S/I
2017,Europa,Tecnología,Baby boomers,Inteligencia artificial,Mente y cerebro,S/I
2023,Asia,Energía,Millenials,Microbioma,S/I,S/I
2018,Europa,Tecnología,Gen silenciosa,Cambio climático,Educación y divulgación científica,S/I
2016,América,Salud,Baby boomers,Mente y cerebro,Educación y divulgación científica,S/I
2016,América,S/I,Gen X,Océanos vivos,S/I,S/I
2018,Chile,Tecnología,Millenials,Mente y cerebro,Ciencia y sociedad,S/I
2026,América,S/I,Gen X,Cambio climático,Océanos vivos,S/I
2018,Chile,S/I,Baby boomers,Género y diversidad,S/I,S/I
2015,Chile,Tecnología,Baby boomers,Cambio climático,Ciencia y sociedad,S/I
2011,Chile,Tecnología,Baby boomers,Edición genética,Límites de la IA,Mente y cerebro
2014,Chile,Tecnología,Baby boomers,Cambio climático,Ciencia y sociedad,Océanos vivos
2020,Chile,Naturaleza,Gen X,Inteligencia artificial,Límites de la IA,S/I
2022,Europa,Mente,Gen X,Biodiversidad crítica,Océanos vivos,S/I
2025,Europa,Tecnología,Baby boomers,Medicina del futuro,S/I,S/I
2024,Chile,Futuro,Baby boomers,Mente y cerebro,Ciencia y sociedad,Salud mental
2015,Chile,Tecnología,Gen silenciosa,Transición energética,S/I,S/I
2024,América,S/I,Gen X,Medicina del futuro,S/I,S/I
2014,Chile,Tecnología,Gen X,Medicina del futuro,Mente y cerebro,Neurociencia
2017,Chile,S/I,Baby boomers,Mente y cerebro,S/I,S/I
2026,Chile,Naturaleza,Baby boomers,Límites de la IA,Transición energética,Inteligencia artificial
2022,Chile,Tecnología,Baby boomers,Edición genética,Límites de la IA,Mente y cerebro
2017,América,Naturaleza,Baby boomers,Mente y cerebro,Océanos vivos,S/I
2026,América,S/I,Gen X,Medicina del futuro,Educación y divulgación científica,Neurociencia
2022,Oceanía,Naturaleza,Baby boomers,Ciencia y sociedad,Mente y cerebro,S/I
2022,Asia,Tecnología,Baby boomers,Medicina del futuro,Mente y cerebro,Neurociencia
2014,Oceanía,Tecnología,Millenials,Edición genética,Límites de la IA,Ciencia y sociedad
2026,Asia,S/I,Gen X,Inteligencia artificial,Datos como poder,S/I
2026,Asia,S/I,Gen X,Cambio climático,S/I,S/I
2011,Asia,Tecnología,Baby boomers,Mente y cerebro,Ciencia y sociedad,S/I
2023,América,Tecnología,Baby boomers,Transición energética,Datos como poder,Ciencia y sociedad
2018,América,Sociedad,Millenial,Límites de la IA,Inteligencia artificial,S/I
2025,América,Energía,Gen X,Inteligencia artificial,Datos como poder,S/I
2017,América,Tecnología,Baby boomers,Ciencia y sociedad,S/I,S/I
2019,América,Tecnología,Gen X,Inteligencia artificial,Ciencia y sociedad,Neurociencia
2017,América,S/I,Baby boomers,Inteligencia artificial,Límites de la IA,Mente y cerebro
2026,Chile,Tecnología,Millenials,Género y diversidad,Ciencia y sociedad,S/I
2016,Europa,Mente,Baby boomers,Mente y cerebro,Ciencia y sociedad,Océanos vivos
2016,Europa,S/I,Baby boomers,Inteligencia artificial,Límites de la IA,S/I
2016,Europa,Tecnología,Baby boomers,Mente y cerebro,Ciencia y sociedad,Salud mental
2017,Europa,Humanidad,Baby boomers,Límites de la IA,Inteligencia artificial,S/I
2017,Europa,Humanidad,Baby boomers,Límites de la IA,Inteligencia artificial,S/I
2020,Chile,Humanidad,Gen X,Mente y cerebro,S/I,S/I
2024,América,Humanidad,Millenials,Edición genética,S/I,S/I
2018,América,Naturaleza,Millenials,Biodiversidad crítica,Mente y cerebro,S/I
2018,Asia,Naturaleza,Gen X,Límites de la IA,S/I,S/I
2023,Europa,S/I,Gen X,Océanos vivos,Educación y divulgación científica,S/I
2024,Europa,Tecnología,Gen X,Inteligencia artificial,S/I,S/I
2026,Europa,Tecnología,Gen X,Límites de la IA,Transición energética,Inteligencia artificial
2022,América,Tecnología,Gen silenciosa,Medicina del futuro,S/I,S/I
2014,Chile,Sociedad,Gen X,Riesgo digital,Ciencia y sociedad,Mente y cerebro
2022,Europa,Energía,Gen X,Sistemas vivos,Océanos vivos,S/I
2018,Europa,Tecnología,Gen X,Biodiversidad crítica,Ciencia y sociedad,S/I
2016,Europa,Tecnología,Gen X,Inteligencia artificial,Datos como poder,Educación y divulgación científica
2018,Europa,Tecnología,Gen X,Longevidad activa,Ciencia y sociedad,Biodiversidad crítica
2017,Europa,Tecnología,Gen X,Medicina del futuro,Biodiversidad crítica,S/I
2017,Europa,Tecnología,Gen X,Biodiversidad crítica,S/I,S/I
2021,Europa,Humanidad,Gen silenciosa,Ciencia y sociedad,Mente y cerebro,S/I
2024,América,Tecnología,Gen X,Ciencia y sociedad,S/I,S/I
2017,América,Tecnología,Baby boomers,Inteligencia artificial,Datos como poder,Educación y divulgación científica
2015,América,Tecnología,Gen X,Medicina del futuro,S/I,S/I
2026,América,S/I,Gen X,Edición genética,Inteligencia artificial,S/I
2016,América,Naturaleza,Baby boomers,Edición genética,Límites de la IA,Mente y cerebro
2018,Asia,Tecnología,Baby boomers,Océanos vivos,Educación y divulgación científica,S/I
2018,Chile,Tecnología,Gen X,Océanos vivos,Inteligencia artificial,Democracia digital
2019,América,S/I,Baby boomers,Sistemas vivos,Educación y divulgación científica,S/I
2019,América,Tecnología,Gen silenciosa,Ciencia y sociedad,S/I,S/I
2020,Chile,Mente,Gen X,Biodiversidad crítica,S/I,S/I
2026,Chile,Naturaleza,Millenials,Datos como poder,Ciencia y sociedad,S/I
2014,Asia,Mente,Gen silenciosa,Edición genética,Límites de la IA,S/I
2018,América,Naturaleza,Gen silenciosa,Economía regenerativa,Ciencia y sociedad,S/I
2023,América,Naturaleza,Gen silenciosa,Medicina del futuro,S/I,S/I
2021,Asia,S/I,Gen X,Medicina del futuro,Neurociencia,S/I
2026,Asia,S/I,Gen X,Transición energética,S/I,S/I
2022,Asia,Tecnología,Millenials,Medicina del futuro,Neurociencia,S/I
2026,Chile,S/I,Millenials,Medicina del futuro,S/I,S/I
2024,Chile,Salud,Millenials,Medicina del futuro,S/I,S/I
2017,Europa,Tecnología,Gen X,Sistemas vivos,S/I,S/I
2023,América,Tecnología,Gen X,Mente y cerebro,Límites de la IA,S/I
2022,Africa,Salud,Gen X,Transición energética,S/I,S/I
2018,Oceanía,Tecnología,Gen X,Ciencia y sociedad,S/I,S/I
2022,Chile,Tecnología,Gen Z,Medicina del futuro,Ciencia y sociedad,S/I
2021,Chile,Tecnología,Baby boomers,Medicina del futuro,Ciencia y sociedad,Salud mental
2018,América,Sociedad,Baby boomers,Medicina del futuro,Ciencia y sociedad,S/I
2020,América,Naturaleza,Gen X,Inteligencia artificial,Ciencia y sociedad,Neurociencia
2025,Europa,Salud,Gen X,Transición energética,S/I,S/I
2016,Europa,Tecnología,Baby boomers,Ciencia y sociedad,S/I,S/I
2015,Europa,Tecnología,Gen X,Medicina del futuro,S/I,S/I
2019,América,Tecnología,Baby boomers,Aprendizaje no humano,Educación y divulgación científica,S/I
2025,Europa,Naturaleza,Baby boomers,Educación y divulgación científica,S/I,S/I
2026,Europa,S/I,Baby boomers,Educación y divulgación científica,S/I,S/I
2018,Europa,Naturaleza,Baby boomers,Ciencia y sociedad,S/I,S/I
2023,Europa,Energía,Gen X,Medicina del futuro,Mente y cerebro,S/I
2022,América,Tecnología,Millenials,Ciencia y sociedad,S/I,S/I
2025,América,Naturaleza,Gen X,Datos como poder,Ciencia y sociedad,S/I
2020,Oceanía,Naturaleza,Gen X,Océanos vivos,S/I,S/I
2019,Europa,Tecnología,Gen X,Riesgo digital,Ciencia y sociedad,Educación y divulgación científica
2022,Europa,Humanidad,Gen X,Océanos vivos,S/I,S/I
2014,América,Tecnología,Gen silenciosa,Ciencia y sociedad,S/I,S/I
2026,Chile,S/I,Gen X,Aprendizaje no humano,Educación y divulgación científica,Mente y cerebro
2025,Chile,Tecnología,Millenials,Océanos vivos,S/I,S/I
2020,Chile,Tecnología,Gen X,Océanos vivos,Ciencia y sociedad,S/I
2024,Chile,Tecnología,Millenials,Inteligencia artificial,Océanos vivos,S/I
2014,América,S/I,Gen silenciosa,Medicina del futuro,Educación y divulgación científica,Neurociencia
2017,Asia,Tecnología,Baby boomers,Océanos vivos,S/I,S/I
2019,América,Salud,Gen X,Género y diversidad,Ciencia y sociedad,S/I
2023,Chile,Tecnología,Gen Z,Educación y divulgación científica,Ciencia y sociedad,S/I
2025,Europa,Tecnología,Gen X,Género y diversidad,S/I,S/I
2018,América,Humanidad,Millenials,Educación y divulgación científica,Ciencia y sociedad,S/I
2019,Asia,Tecnología,Baby boomers,Inteligencia artificial,S/I,S/I
2020,América,Tecnología,Gen X,Inteligencia artificial,S/I,S/I
2022,Europa,Sociedad,Millenials,Ciencia y sociedad,S/I,S/I
2024,Chile,Tecnología,Gen X,Ciencia y sociedad,S/I,S/I
2016,América,Naturaleza,Baby boomers,Género y diversidad,Mente y cerebro,S/I
2025,América,Salud,Baby boomers,Educación y divulgación científica,S/I,S/I
2021,América,Salud,Baby boomers,Riesgo digital,Ciencia y sociedad,Mente y cerebro
2017,Chile,Naturaleza,Gen X,Sistemas vivos,S/I,S/I
2023,América,Naturaleza,Gen X,Ciencia y sociedad,S/I,S/I
2014,Chile,S/I,Baby boomers,Medicina del futuro,Océanos vivos,S/I
2024,América,Tecnología,Gen X,Medicina del futuro,Océanos vivos,S/I
2026,América,S/I,Baby boomers,Mente y cerebro,Ciencia y sociedad,S/I
2018,Chile,Humanidad,Gen X,Ciencia y sociedad,S/I,S/I
2022,Chile,Tecnología,Gen silenciosa,Ciencia y sociedad,S/I,S/I
2020,América,S/I,Gen X,Ciencia y sociedad,S/I,S/I
2022,América,Salud,Gen X,Medicina del futuro,S/I,S/I
2016,Chile,S/I,Baby boomers,Límites de la IA,S/I,S/I
2021,América,Tecnología,Gen X,Límites de la IA,Inteligencia artificial,S/I
2018,Chile,Naturaleza,Gen X,Inteligencia artificial,Educación y divulgación científica,S/I
2015,Europa,Sociedad,Baby boomers,Sistemas vivos,S/I,S/I
2020,América,Tecnología,Gen X,Economía regenerativa,Ciencia y sociedad,S/I
2022,Europa,Tecnología,Gen silenciosa,Ciencia y sociedad,S/I,S/I
2023,Europa,Tecnología,Gen silenciosa,Medicina del futuro,Neurociencia,S/I
2013,América,Naturaleza,Gen silenciosa,Cambio climático,Biodiversidad crítica,Océanos vivos
2026,Europa,S/I,Millenials,Sistemas vivos,S/I,S/I
2023,América,Naturaleza,Millenials,Inteligencia artificial,Neurociencia,S/I
2021,América,Naturaleza,Baby boomers,Ciencia y sociedad,S/I,S/I
2025,Chile,Tecnología,Gen X,Medicina del futuro,Neurociencia,S/I
2023,Asia,Naturaleza,Gen X,Edición genética,Límites de la IA,S/I
2025,América,Naturaleza,Baby boomers,Mente y cerebro,Océanos vivos,S/I
2015,Europa,Salud,Millenials,Sistemas vivos,S/I,S/I
2024,Chile,Tecnología,Baby boomers,Medicina del futuro,Cambio climático,Mente y cerebro
2026,Chile,S/I,Gen X,Biodiversidad crítica,S/I,S/I
2020,Chile,Tecnología,Gen X,Medicina del futuro,S/I,S/I
2021,América,Salud,Gen X,Microbioma,S/I,S/I
2018,Europa,Naturaleza,Gen X,Medicina del futuro,Ciencia y sociedad,S/I
2026,Asia,S/I,Gen X,Edición genética,S/I,S/I
2019,Europa,Tecnología,Gen X,Ciencia y sociedad,S/I,S/I
2020,Europa,Sociedad,Millenials,Inteligencia artificial,Ciencia y sociedad,S/I
2025,Asia,Tecnología,Baby boomers,Ciencia y sociedad,S/I,S/I
2023,América,Naturaleza,Millenials,Ciencia y sociedad,S/I,S/I
2019,Asia,Futuro,Gen X,Salud mental,Ciencia y sociedad,S/I
2023,Europa,Futuro,Gen X,Ciencia y sociedad,S/I,S/I
2023,Europa,S/I,Millenials,Océanos vivos,Ciencia y sociedad,S/I
2011,Asia,Humanidad,Gen silenciosa,Inteligencia artificial,Educación y divulgación científica,Mente y cerebro
2021,Asia,Humanidad,Millenials,Biodiversidad crítica,S/I,S/I
2011,Asia,Tecnología,Baby boomers,Inteligencia artificial,S/I,S/I
2025,Asia,Tecnología,Gen X,Medicina del futuro,S/I,S/I
2025,Asia,Tecnología,Millenials,Inteligencia artificial,Ciencia y sociedad,Neurociencia
2025,Asia,Tecnología,Millenials,Océanos vivos,S/I,S/I
2016,Asia,Tecnología,Gen X,Educación y divulgación científica,S/I,S/I
2026,Europa,Tecnología,Baby boomers,Ciencia y sociedad,S/I,S/I
2023,Europa,Tecnología,Baby boomers,Inteligencia artificial,S/I,S/I
2025,América,Tecnología,Gen X,Salud mental,Ciencia y sociedad,S/I
2021,Chile,Naturaleza,Baby boomers,Inteligencia artificial,Neurociencia,S/I
2018,América,Futuro,Gen X,Ciencia y sociedad,S/I,S/I
2026,América,S/I,Gen X,Mente y cerebro,S/I,S/I
